iso3,region,country,hdi_1990,hdi_1991,hdi_1992,hdi_1993,hdi_1994,hdi_1995,hdi_1996,hdi_1997,hdi_1998,hdi_1999,hdi_2000,hdi_2001,hdi_2002,hdi_2003,hdi_2004,hdi_2005,hdi_2006,hdi_2007,hdi_2008,hdi_2009,hdi_2010,hdi_2011,hdi_2012,hdi_2013,hdi_2014,hdi_2015,hdi_2016,hdi_2017,hdi_2018,hdi_2019,hdi_2020,hdi_2021
AND,,Andorra,,,,,,,,,,,0.818,0.825,0.832,0.841,0.833,0.833,0.848,0.847,0.85,0.848,0.848,0.849,0.869,0.864,0.871,0.867,0.871,0.868,0.872,0.873,0.848,0.858
ATG,LAC,Antigua and Barbuda,,,,,,,,,,,,,,,,,,0.802,0.801,0.795,0.79,0.783,0.787,0.787,0.789,0.791,0.794,0.795,0.798,0.8,0.788,0.788
BTN,SA,Bhutan,,,,,,,,,,,,,,,,,,,,,0.581,0.591,0.598,0.606,0.617,0.627,0.638,0.647,0.658,0.671,0.668,0.666
COM,SSA,Comoros,,,,,,,,,,,0.464,0.47,0.474,0.479,0.482,0.488,0.494,0.5,0.507,0.513,0.52,0.527,0.533,0.539,0.54,0.544,0.548,0.553,0.557,0.56,0.562,0.558
CPV,SSA,Cabo Verde,,,,,,,,,,,0.569,0.576,0.587,0.593,0.597,0.606,0.62,0.629,0.635,0.639,0.644,0.653,0.656,0.666,0.667,0.663,0.67,0.675,0.673,0.676,0.662,0.662
DJI,AS,Djibouti,,,,,,0.351,0.35,0.353,0.355,0.36,0.361,0.371,0.378,0.388,0.396,0.405,0.416,0.426,0.434,0.445,0.458,0.47,0.478,0.483,0.488,0.493,0.496,0.499,0.506,0.512,0.51,0.509
DMA,LAC,Dominica,,,,,,,,,,,0.695,0.694,0.695,0.695,0.7,0.701,0.708,0.707,0.717,0.713,0.711,0.702,0.706,0.699,0.705,0.7,0.709,0.692,0.726,0.729,0.722,0.72
ERI,SSA,Eritrea,,,,,,,,,,,,,0.426,0.437,0.445,0.449,0.453,0.457,0.448,0.457,0.463,0.481,0.486,0.483,0.502,0.483,0.488,0.484,0.493,0.495,0.494,0.492
FSM,EAP,Micronesia (Federated States of),,,,,,,,,,,0.572,0.581,0.582,0.594,0.597,0.604,0.61,0.614,0.618,0.62,0.625,0.628,0.628,0.626,0.625,0.626,0.629,0.632,0.633,0.633,0.629,0.628
GNQ,SSA,Equatorial Guinea,,,,,,,,,,,0.512,0.522,0.534,0.537,0.545,0.556,0.569,0.578,0.582,0.586,0.579,0.585,0.592,0.594,0.598,0.603,0.603,0.601,0.601,0.605,0.599,0.596
GRD,LAC,Grenada,,,,,,,,,,,,,0.739,0.747,0.742,0.763,0.765,0.773,0.778,0.777,0.782,0.786,0.784,0.787,0.787,0.79,0.791,0.794,0.797,0.8,0.792,0.795
KIR,EAP,Kiribati,,,,,,,,,,,0.549,0.59,0.587,0.593,0.59,0.591,0.586,0.587,0.588,0.585,0.589,0.587,0.594,0.602,0.61,0.622,0.617,0.621,0.622,0.63,0.623,0.624
KNA,LAC,Saint Kitts and Nevis,,,,,,,,,,,,,,,,0.746,0.75,0.753,0.757,0.758,0.759,0.764,0.766,0.77,0.772,0.772,0.779,0.778,0.779,0.783,0.779,0.777
LIE,,Liechtenstein,,,,,,,,,,,0.873,0.888,0.891,0.895,0.907,0.901,0.905,0.907,0.917,0.911,0.913,0.918,0.923,0.922,0.92,0.924,0.923,0.933,0.928,0.94,0.933,0.935
MCO,,Monaco,,,,,,,,,,,,,,,,,,,,,,,,,,,,,,,,
MHL,EAP,Marshall Islands,,,,,,,,,,,,,,,,,,,,,,0.633,0.628,0.632,0.633,0.638,0.637,0.638,0.639,0.64,0.639,0.639
NRU,EAP,Nauru,,,,,,,,,,,,,,,,,,,,,,,,,,,,,,,,
PLW,EAP,Palau,,,,,,,,,,,0.739,0.745,0.75,0.754,0.756,0.767,0.769,0.773,0.772,0.771,0.773,0.776,0.776,0.779,0.779,0.78,0.778,0.775,0.778,0.776,0.773,0.767
PRK,EAP,Korea (Democratic People's Rep. of),,,,,,,,,,,,,,,,,,,,,,,,,,,,,,,,
SLB,EAP,Solomon Islands,,,,,,,,,,0.499,0.486,0.49,0.496,0.501,0.507,0.512,0.52,0.523,0.531,0.538,0.55,0.553,0.554,0.559,0.558,0.559,0.56,0.564,0.566,0.567,0.565,0.564
SMR,,San Marino,,,,,,,,,,,,,,,,,,,,,,,,,,,,,0.86,0.862,0.845,0.853
SOM,AS,Somalia,,,,,,,,,,,,,,,,,,,,,,,,,,,,,,,,
SSD,SSA,South Sudan,,,,,,,,,,,,,,,,,,,,,0.43,0.433,0.397,0.411,0.41,0.412,0.402,0.395,0.395,0.393,0.386,0.385
SYC,SSA,Seychelles,,,,,,,,,,,0.744,0.741,0.742,0.746,0.747,0.762,0.753,0.77,0.771,0.77,0.776,0.766,0.786,0.787,0.796,0.796,0.796,0.796,0.8,0.802,0.793,0.785
VCT,LAC,Saint Vincent and the Grenadines,,,,,,,,,,,0.683,0.689,0.695,0.702,0.708,0.713,0.722,0.73,0.734,0.736,0.734,0.736,0.737,0.743,0.752,0.759,0.765,0.774,0.775,0.769,0.764,0.751
VUT,EAP,Vanuatu,,,,,,,,,,,,,,,,0.578,0.584,0.585,0.591,0.591,0.591,0.593,0.59,0.593,0.595,0.595,0.596,0.599,0.603,0.611,0.608,0.607
WSM,EAP,Samoa,,,,,,0.659,0.668,0.67,0.674,0.678,0.683,0.69,0.689,0.694,0.698,0.701,0.703,0.708,0.709,0.7,0.713,0.713,0.709,0.71,0.711,0.716,0.717,0.716,0.716,0.715,0.712,0.707
LCA,LAC,Saint Lucia,0.69,0.691,0.695,0.695,0.695,0.694,0.696,0.695,0.697,0.698,0.698,0.697,0.699,0.701,0.704,0.709,0.718,0.718,0.723,0.725,0.728,0.734,0.734,0.734,0.735,0.737,0.744,0.744,0.746,0.735,0.723,0.715
TLS,EAP,Timor-Leste,,,,,,,,,,,,,0.508,0.508,0.521,0.538,0.563,0.585,0.611,0.609,0.619,0.638,0.635,0.63,0.622,0.614,0.604,0.606,0.605,0.614,0.614,0.607
GNB,SSA,Guinea-Bissau,,,,,,,,,,,,,,,,0.404,0.417,0.424,0.429,0.436,0.443,0.452,0.456,0.46,0.466,0.472,0.478,0.481,0.482,0.49,0.483,0.483
SVN,,Slovenia,,,,,,0.76,0.771,0.782,0.794,0.812,0.821,0.837,0.848,0.858,0.865,0.869,0.878,0.882,0.888,0.887,0.89,0.892,0.891,0.9,0.902,0.903,0.91,0.913,0.917,0.921,0.913,0.918
TTO,LAC,Trinidad and Tobago,0.66,0.665,0.663,0.667,0.67,0.678,0.684,0.69,0.7,0.703,0.712,0.721,0.732,0.737,0.752,0.758,0.767,0.773,0.777,0.787,0.79,0.794,0.8,0.806,0.809,0.816,0.815,0.817,0.815,0.821,0.818,0.81
LSO,SSA,Lesotho,0.479,0.478,0.476,0.472,0.475,0.472,0.467,0.462,0.46,0.452,0.452,0.448,0.446,0.449,0.448,0.448,0.446,0.452,0.457,0.457,0.467,0.475,0.486,0.49,0.496,0.503,0.514,0.518,0.522,0.524,0.521,0.514
STP,SSA,Sao Tome and Principe,0.485,0.484,0.485,0.485,0.487,0.488,0.491,0.492,0.494,0.498,0.501,0.507,0.511,0.519,0.525,0.531,0.542,0.545,0.546,0.552,0.554,0.556,0.562,0.573,0.584,0.596,0.603,0.612,0.617,0.622,0.619,0.618
HRV,,Croatia,,,,,,0.712,0.724,0.732,0.742,0.749,0.759,0.769,0.777,0.783,0.796,0.802,0.811,0.815,0.817,0.816,0.821,0.826,0.83,0.838,0.841,0.843,0.848,0.852,0.856,0.861,0.855,0.858
TON,EAP,Tonga,0.645,0.652,0.656,0.663,0.672,0.676,0.678,0.68,0.685,0.688,0.685,0.688,0.694,0.701,0.702,0.702,0.703,0.704,0.709,0.708,0.713,0.72,0.723,0.725,0.727,0.73,0.735,0.74,0.742,0.744,0.745,0.745
MNE,ECA,Montenegro,,,,,,,,,,,,,,0.756,0.764,0.767,0.776,0.787,0.8,0.8,0.808,0.811,0.812,0.817,0.819,0.822,0.824,0.83,0.834,0.837,0.826,0.832
UZB,ECA,Uzbekistan,,,,,,,,,,,0.607,0.614,0.621,0.627,0.634,0.639,0.644,0.656,0.659,0.665,0.673,0.68,0.687,0.693,0.698,0.701,0.709,0.715,0.72,0.726,0.721,0.727
LBN,AS,Lebanon,,,,,,,,,,,,,,,,0.737,0.734,0.752,0.76,0.767,0.77,0.771,0.762,0.759,0.75,0.746,0.743,0.75,0.75,0.745,0.726,0.706
LBR,SSA,Liberia,,,,,,,,,,0.397,0.438,0.443,0.447,0.422,0.434,0.437,0.443,0.448,0.453,0.456,0.46,0.464,0.47,0.475,0.472,0.473,0.478,0.481,0.483,0.484,0.48,0.481
SDN,AS,Sudan,0.336,0.342,0.331,0.34,0.383,0.371,0.379,0.388,0.376,0.413,0.424,0.431,0.436,0.439,0.441,0.448,0.465,0.47,0.478,0.486,0.486,0.487,0.493,0.497,0.504,0.508,0.511,0.514,0.514,0.514,0.51,0.508
NGA,SSA,Nigeria,,,,,,,,,,,,,,0.45,0.462,0.469,0.477,0.48,0.484,0.484,0.482,0.492,0.499,0.506,0.512,0.516,0.521,0.526,0.531,0.538,0.535,0.535
BLR,ECA,Belarus,,,,,,0.679,0.686,0.692,0.697,0.701,0.712,0.716,0.721,0.73,0.742,0.75,0.762,0.773,0.783,0.785,0.79,0.797,0.806,0.808,0.812,0.812,0.813,0.817,0.818,0.817,0.807,0.808
GUY,LAC,Guyana,0.509,0.505,0.52,0.534,0.544,0.549,0.559,0.564,0.569,0.573,0.577,0.584,0.59,0.598,0.612,0.622,0.631,0.638,0.644,0.649,0.656,0.665,0.669,0.673,0.681,0.684,0.691,0.695,0.701,0.708,0.721,0.714
ETH,SSA,Ethiopia,,,,,,,,,,,0.287,0.301,0.309,0.313,0.327,0.346,0.363,0.38,0.395,0.402,0.412,0.422,0.43,0.441,0.45,0.46,0.47,0.48,0.489,0.498,0.498,0.498
AGO,SSA,Angola,,,,,,,,,,0.364,0.375,0.386,0.403,0.42,0.433,0.447,0.459,0.475,0.486,0.5,0.51,0.526,0.541,0.552,0.563,0.582,0.596,0.597,0.595,0.595,0.59,0.586
MDV,SA,Maldives,,,,,,0.582,0.593,0.6,0.606,0.619,0.628,0.633,0.636,0.65,0.65,0.649,0.664,0.665,0.677,0.68,0.688,0.7,0.709,0.718,0.728,0.736,0.741,0.746,0.75,0.755,0.734,0.747
SUR,LAC,Suriname,,,,,,,,,,,,,,,0.674,0.683,0.691,0.701,0.709,0.717,0.723,0.728,0.731,0.734,0.736,0.744,0.747,0.75,0.755,0.755,0.743,0.73
BIH,ECA,Bosnia and Herzegovina,,,,,,,,,,,0.667,0.672,0.675,0.683,0.69,0.691,0.699,0.707,0.718,0.721,0.725,0.732,0.745,0.751,0.756,0.761,0.77,0.772,0.776,0.783,0.781,0.78
PSE,AS,"Palestine, State of",,,,,,,,,,,,,,,0.651,0.662,0.663,0.672,0.677,0.682,0.687,0.694,0.701,0.703,0.698,0.71,0.715,0.719,0.723,0.727,0.716,0.715
FJI,EAP,Fiji,0.642,0.647,0.651,0.654,0.66,0.666,0.669,0.67,0.672,0.679,0.681,0.686,0.687,0.692,0.704,0.702,0.705,0.706,0.709,0.711,0.714,0.719,0.721,0.726,0.729,0.729,0.735,0.741,0.745,0.746,0.737,0.73
AZE,ECA,Azerbaijan,,,,,,0.59,0.59,0.594,0.604,0.615,0.622,0.632,0.642,0.651,0.659,0.672,0.692,0.706,0.716,0.722,0.727,0.729,0.734,0.741,0.745,0.748,0.75,0.753,0.757,0.761,0.73,0.745
HKG,,"Hong Kong, China (SAR)",0.788,0.794,0.802,0.811,0.819,0.825,0.831,0.837,0.839,0.843,0.851,0.856,0.859,0.864,0.872,0.879,0.887,0.894,0.899,0.9,0.907,0.914,0.918,0.924,0.93,0.935,0.938,0.944,0.949,0.952,0.949,0.952
BHS,LAC,Bahamas,,,,,,0.781,0.787,0.784,0.785,0.794,0.799,0.801,0.804,0.805,0.807,0.811,0.813,0.812,0.812,0.81,0.812,0.812,0.815,0.816,0.82,0.82,0.823,0.825,0.827,0.816,0.815,0.812
TUV,EAP,Tuvalu,0.559,0.562,0.558,0.57,0.577,0.575,0.573,0.579,0.589,0.592,0.597,0.61,0.62,0.605,0.61,0.61,0.611,0.613,0.618,0.615,0.616,0.616,0.624,0.628,0.627,0.643,0.636,0.634,0.642,0.635,0.639,0.641
RWA,SSA,Rwanda,,,,,,0.286,0.296,0.302,0.309,0.324,0.34,0.35,0.369,0.385,0.406,0.422,0.442,0.456,0.467,0.48,0.489,0.497,0.506,0.508,0.513,0.515,0.524,0.526,0.528,0.534,0.532,0.534
SWZ,SSA,Eswatini (Kingdom of),0.545,0.543,0.54,0.532,0.523,0.518,0.509,0.5,0.49,0.482,0.471,0.463,0.451,0.446,0.444,0.446,0.462,0.471,0.479,0.486,0.503,0.517,0.531,0.546,0.559,0.575,0.586,0.596,0.607,0.615,0.61,0.597
MUS,SSA,Mauritius,0.626,0.633,0.639,0.643,0.646,0.651,0.654,0.66,0.667,0.674,0.681,0.69,0.694,0.703,0.71,0.719,0.726,0.734,0.741,0.749,0.755,0.762,0.775,0.782,0.793,0.795,0.801,0.805,0.811,0.817,0.804,0.802
BRB,LAC,Barbados,0.725,0.727,0.727,0.731,0.736,0.739,0.744,0.747,0.748,0.75,0.756,0.756,0.76,0.765,0.77,0.776,0.781,0.786,0.789,0.791,0.788,0.784,0.787,0.787,0.789,0.791,0.794,0.796,0.797,0.799,0.788,0.79
TCD,SSA,Chad,,,,,,,,,,,0.291,0.301,0.307,0.307,0.325,0.327,0.327,0.337,0.341,0.355,0.362,0.372,0.381,0.386,0.393,0.389,0.391,0.393,0.398,0.403,0.397,0.394
TKM,ECA,Turkmenistan,,,,,,,,,,,,,,,,0.66,0.67,0.682,0.693,0.701,0.711,0.72,0.727,0.73,0.734,0.74,0.742,0.741,0.746,0.742,0.741,0.745
MKD,ECA,North Macedonia,,,,,,0.642,0.65,0.655,0.661,0.669,0.675,0.679,0.683,0.688,0.694,0.699,0.707,0.711,0.73,0.733,0.738,0.741,0.743,0.75,0.755,0.762,0.767,0.773,0.779,0.784,0.774,0.77
MDG,SSA,Madagascar,,,,,,,,,,0.436,0.443,0.451,0.447,0.457,0.465,0.469,0.475,0.482,0.49,0.493,0.492,0.494,0.496,0.499,0.502,0.504,0.505,0.507,0.507,0.51,0.501,0.501
OMN,AS,Oman,,,,,,,,,,,0.705,0.716,0.723,0.731,0.739,0.745,0.753,0.762,0.772,0.783,0.788,0.793,0.802,0.809,0.814,0.823,0.833,0.831,0.834,0.839,0.827,0.816
BFA,SSA,Burkina Faso,,,,,,,,,,0.293,0.296,0.299,0.303,0.31,0.32,0.331,0.339,0.334,0.349,0.36,0.372,0.384,0.395,0.402,0.408,0.418,0.427,0.438,0.449,0.452,0.449,0.449
GEO,ECA,Georgia,,,,,,,,,,,0.702,0.706,0.714,0.723,0.729,0.738,0.742,0.753,0.748,0.753,0.759,0.766,0.773,0.777,0.784,0.79,0.794,0.8,0.804,0.81,0.802,0.802
SRB,ECA,Serbia,,,,,,0.674,0.679,0.685,0.687,0.677,0.69,0.7,0.702,0.711,0.723,0.734,0.746,0.754,0.765,0.766,0.767,0.777,0.78,0.785,0.788,0.794,0.8,0.802,0.808,0.811,0.804,0.802
CUB,LAC,Cuba,0.68,0.674,0.668,0.659,0.656,0.659,0.67,0.674,0.678,0.685,0.693,0.7,0.706,0.714,0.728,0.741,0.761,0.775,0.784,0.784,0.78,0.777,0.773,0.769,0.771,0.773,0.774,0.779,0.783,0.788,0.781,0.764
SWE,,Sweden,0.81,0.813,0.82,0.84,0.851,0.86,0.868,0.879,0.894,0.899,0.904,0.907,0.91,0.915,0.9,0.902,0.906,0.908,0.905,0.904,0.91,0.911,0.911,0.932,0.935,0.937,0.939,0.941,0.942,0.947,0.942,0.947
TZA,SSA,Tanzania (United Republic of),0.371,0.371,0.369,0.369,0.369,0.37,0.372,0.373,0.38,0.39,0.398,0.406,0.416,0.426,0.436,0.446,0.456,0.465,0.473,0.482,0.493,0.499,0.504,0.51,0.515,0.52,0.524,0.528,0.538,0.548,0.548,0.549
SEN,SSA,Senegal,0.373,0.374,0.375,0.374,0.374,0.375,0.376,0.377,0.379,0.382,0.388,0.394,0.398,0.405,0.412,0.419,0.427,0.439,0.451,0.459,0.468,0.482,0.49,0.496,0.502,0.505,0.507,0.509,0.512,0.513,0.513,0.511
GTM,LAC,Guatemala,0.484,0.488,0.492,0.497,0.501,0.508,0.516,0.525,0.534,0.542,0.55,0.556,0.561,0.566,0.571,0.574,0.581,0.59,0.596,0.6,0.605,0.611,0.616,0.62,0.637,0.639,0.639,0.64,0.64,0.642,0.635,0.627
MYS,EAP,Malaysia,0.64,0.648,0.656,0.663,0.671,0.679,0.689,0.7,0.703,0.709,0.721,0.722,0.724,0.732,0.735,0.732,0.736,0.747,0.756,0.762,0.769,0.773,0.78,0.785,0.792,0.797,0.803,0.805,0.807,0.81,0.806,0.803
COL,LAC,Colombia,0.61,0.619,0.628,0.635,0.64,0.645,0.653,0.66,0.665,0.663,0.666,0.667,0.67,0.677,0.683,0.696,0.698,0.71,0.716,0.722,0.726,0.733,0.734,0.746,0.75,0.754,0.759,0.761,0.763,0.768,0.756,0.752
MMR,EAP,Myanmar,0.333,0.343,0.356,0.363,0.369,0.374,0.381,0.385,0.392,0.401,0.41,0.42,0.43,0.44,0.45,0.46,0.47,0.48,0.465,0.501,0.51,0.521,0.531,0.543,0.553,0.562,0.572,0.58,0.59,0.598,0.6,0.585
IRL,,Ireland,0.737,0.743,0.751,0.76,0.771,0.777,0.785,0.794,0.83,0.837,0.847,0.855,0.864,0.873,0.881,0.888,0.891,0.896,0.899,0.895,0.904,0.902,0.903,0.908,0.914,0.925,0.929,0.934,0.937,0.942,0.943,0.945
ZAF,SSA,South Africa,0.632,0.641,0.647,0.652,0.658,0.661,0.656,0.651,0.644,0.638,0.633,0.629,0.633,0.629,0.63,0.632,0.637,0.644,0.653,0.665,0.675,0.686,0.696,0.704,0.712,0.716,0.719,0.72,0.726,0.736,0.727,0.713
DOM,LAC,Dominican Republic,0.577,0.583,0.593,0.6,0.607,0.613,0.62,0.627,0.633,0.64,0.646,0.651,0.657,0.659,0.663,0.674,0.683,0.692,0.697,0.701,0.708,0.713,0.718,0.722,0.728,0.736,0.755,0.757,0.764,0.771,0.764,0.767
EGY,AS,Egypt,0.572,0.578,0.585,0.591,0.598,0.605,0.613,0.619,0.624,0.629,0.633,0.637,0.639,0.637,0.64,0.643,0.647,0.655,0.663,0.668,0.675,0.679,0.688,0.694,0.699,0.706,0.713,0.721,0.729,0.735,0.734,0.731
DNK,,Denmark,0.834,0.838,0.841,0.844,0.851,0.854,0.862,0.869,0.876,0.886,0.889,0.895,0.896,0.901,0.906,0.911,0.91,0.911,0.915,0.909,0.913,0.926,0.931,0.933,0.932,0.936,0.943,0.944,0.942,0.946,0.947,0.948
TUN,AS,Tunisia,0.576,0.581,0.588,0.594,0.604,0.611,0.62,0.627,0.639,0.65,0.658,0.665,0.67,0.677,0.687,0.694,0.7,0.706,0.711,0.715,0.72,0.722,0.724,0.727,0.73,0.733,0.737,0.74,0.743,0.745,0.737,0.731
CHE,,Switzerland,0.851,0.853,0.856,0.861,0.863,0.865,0.87,0.875,0.88,0.884,0.887,0.89,0.89,0.895,0.901,0.905,0.914,0.92,0.926,0.936,0.942,0.943,0.945,0.948,0.952,0.954,0.956,0.957,0.959,0.962,0.956,0.962
BRN,EAP,Brunei Darussalam,0.77,0.775,0.781,0.786,0.79,0.795,0.798,0.799,0.801,0.807,0.808,0.809,0.813,0.818,0.822,0.825,0.828,0.827,0.826,0.828,0.828,0.832,0.838,0.838,0.837,0.836,0.835,0.834,0.83,0.83,0.83,0.829
ITA,,Italy,0.778,0.783,0.789,0.795,0.804,0.81,0.816,0.824,0.829,0.835,0.841,0.849,0.853,0.858,0.865,0.868,0.873,0.877,0.878,0.878,0.882,0.885,0.883,0.882,0.883,0.882,0.887,0.888,0.893,0.897,0.889,0.895
KEN,SSA,Kenya,0.474,0.474,0.473,0.471,0.473,0.475,0.477,0.477,0.479,0.48,0.481,0.485,0.485,0.495,0.508,0.516,0.525,0.533,0.539,0.539,0.545,0.55,0.552,0.554,0.558,0.561,0.569,0.572,0.577,0.581,0.578,0.575
KAZ,ECA,Kazakhstan,0.673,0.668,0.667,0.663,0.657,0.655,0.659,0.663,0.666,0.671,0.68,0.695,0.706,0.718,0.73,0.739,0.752,0.758,0.758,0.761,0.767,0.775,0.783,0.792,0.799,0.805,0.805,0.811,0.814,0.819,0.814,0.811
BOL,LAC,Bolivia (Plurinational State of),0.55,0.56,0.568,0.578,0.587,0.598,0.609,0.62,0.632,0.631,0.632,0.632,0.63,0.627,0.626,0.635,0.638,0.645,0.652,0.658,0.662,0.668,0.674,0.682,0.684,0.69,0.701,0.708,0.714,0.717,0.694,0.692
NAM,SSA,Namibia,0.579,0.585,0.588,0.588,0.587,0.582,0.571,0.562,0.557,0.548,0.546,0.543,0.545,0.548,0.552,0.555,0.561,0.569,0.576,0.581,0.585,0.592,0.601,0.611,0.621,0.628,0.632,0.635,0.636,0.639,0.633,0.615
PRY,LAC,Paraguay,0.595,0.6,0.605,0.612,0.617,0.623,0.632,0.638,0.644,0.649,0.649,0.655,0.662,0.655,0.662,0.664,0.664,0.669,0.679,0.677,0.685,0.696,0.702,0.715,0.716,0.723,0.721,0.724,0.727,0.732,0.73,0.717
SYR,AS,Syrian Arab Republic,0.562,0.567,0.573,0.574,0.577,0.579,0.582,0.585,0.587,0.586,0.587,0.596,0.603,0.615,0.627,0.64,0.65,0.659,0.653,0.659,0.66,0.691,0.65,0.573,0.553,0.556,0.56,0.572,0.58,0.584,0.577,0.577
FIN,,Finland,0.814,0.818,0.825,0.829,0.841,0.847,0.854,0.863,0.873,0.881,0.891,0.9,0.904,0.907,0.902,0.905,0.909,0.911,0.912,0.907,0.911,0.915,0.915,0.926,0.927,0.93,0.931,0.934,0.936,0.939,0.938,0.94
MLT,,Malta,0.73,0.733,0.737,0.747,0.751,0.758,0.756,0.766,0.776,0.78,0.779,0.796,0.8,0.812,0.825,0.832,0.831,0.837,0.841,0.847,0.861,0.857,0.864,0.872,0.881,0.889,0.891,0.901,0.91,0.915,0.911,0.918
QAT,AS,Qatar,0.758,0.754,0.756,0.763,0.77,0.775,0.782,0.795,0.799,0.802,0.801,0.803,0.809,0.819,0.822,0.827,0.825,0.834,0.84,0.838,0.834,0.844,0.829,0.834,0.839,0.846,0.85,0.849,0.853,0.859,0.854,0.855
MAR,AS,Morocco,0.447,0.453,0.457,0.463,0.475,0.478,0.49,0.494,0.501,0.511,0.521,0.532,0.542,0.552,0.56,0.567,0.573,0.581,0.588,0.594,0.603,0.614,0.624,0.635,0.644,0.654,0.661,0.67,0.676,0.682,0.679,0.683
URY,LAC,Uruguay,0.701,0.705,0.708,0.711,0.716,0.717,0.723,0.735,0.744,0.747,0.753,0.76,0.764,0.77,0.77,0.768,0.768,0.771,0.774,0.78,0.787,0.794,0.798,0.805,0.808,0.811,0.815,0.819,0.819,0.821,0.821,0.809
HND,LAC,Honduras,0.516,0.517,0.521,0.527,0.53,0.536,0.539,0.544,0.527,0.55,0.556,0.559,0.563,0.567,0.572,0.577,0.581,0.586,0.591,0.594,0.597,0.6,0.599,0.603,0.606,0.613,0.618,0.617,0.617,0.632,0.621,0.621
CAF,SSA,Central African Republic,0.338,0.333,0.319,0.319,0.321,0.323,0.319,0.322,0.325,0.329,0.329,0.332,0.333,0.333,0.337,0.342,0.345,0.351,0.358,0.364,0.372,0.381,0.388,0.368,0.37,0.384,0.391,0.398,0.405,0.411,0.407,0.404
IND,SA,India,0.434,0.437,0.442,0.446,0.452,0.458,0.466,0.471,0.478,0.486,0.491,0.496,0.503,0.516,0.525,0.534,0.543,0.553,0.56,0.565,0.575,0.588,0.598,0.607,0.619,0.629,0.639,0.644,0.645,0.645,0.642,0.633
SLE,SSA,Sierra Leone,0.312,0.305,0.305,0.312,0.312,0.314,0.312,0.307,0.305,0.301,0.318,0.331,0.347,0.357,0.364,0.372,0.382,0.397,0.409,0.42,0.427,0.433,0.447,0.459,0.461,0.453,0.457,0.466,0.47,0.48,0.475,0.477
CIV,SSA,CÃ´te d'Ivoire,0.427,0.428,0.43,0.433,0.436,0.442,0.448,0.456,0.461,0.459,0.457,0.456,0.454,0.453,0.455,0.456,0.458,0.461,0.464,0.469,0.473,0.472,0.477,0.483,0.502,0.513,0.524,0.534,0.542,0.55,0.551,0.55
IRN,SA,Iran (Islamic Republic of),0.601,0.62,0.627,0.634,0.64,0.647,0.655,0.662,0.669,0.677,0.685,0.693,0.701,0.704,0.712,0.717,0.727,0.733,0.735,0.738,0.745,0.754,0.768,0.769,0.773,0.776,0.786,0.789,0.787,0.783,0.777,0.774
AFG,SA,Afghanistan,0.273,0.279,0.287,0.297,0.292,0.31,0.319,0.323,0.324,0.332,0.335,0.337,0.362,0.376,0.392,0.4,0.409,0.424,0.43,0.44,0.448,0.456,0.466,0.474,0.479,0.478,0.481,0.482,0.483,0.488,0.483,0.478
EST,,Estonia,0.732,0.729,0.719,0.71,0.712,0.725,0.742,0.757,0.764,0.773,0.787,0.797,0.807,0.816,0.826,0.839,0.847,0.853,0.856,0.856,0.861,0.871,0.874,0.88,0.879,0.882,0.885,0.887,0.891,0.896,0.892,0.89
KGZ,ECA,Kyrgyzstan,0.638,0.632,0.622,0.609,0.591,0.587,0.594,0.603,0.609,0.616,0.621,0.63,0.631,0.64,0.643,0.644,0.65,0.656,0.66,0.663,0.664,0.665,0.675,0.682,0.688,0.69,0.693,0.696,0.698,0.698,0.689,0.692
AUT,,Austria,0.825,0.829,0.835,0.84,0.845,0.849,0.853,0.857,0.863,0.866,0.871,0.876,0.879,0.881,0.886,0.889,0.893,0.896,0.898,0.898,0.902,0.905,0.906,0.905,0.909,0.91,0.915,0.916,0.917,0.919,0.913,0.916
MRT,SSA,Mauritania,0.397,0.402,0.411,0.423,0.435,0.441,0.449,0.45,0.459,0.465,0.465,0.466,0.47,0.475,0.486,0.49,0.5,0.499,0.499,0.508,0.51,0.515,0.523,0.531,0.537,0.544,0.541,0.545,0.556,0.563,0.556,0.556
GAB,SSA,Gabon,0.61,0.615,0.615,0.619,0.623,0.627,0.63,0.634,0.64,0.636,0.635,0.641,0.644,0.648,0.647,0.652,0.651,0.655,0.655,0.66,0.664,0.668,0.679,0.685,0.694,0.699,0.702,0.706,0.706,0.709,0.71,0.706
CHL,LAC,Chile,0.706,0.715,0.723,0.716,0.722,0.728,0.735,0.744,0.749,0.755,0.763,0.768,0.775,0.779,0.787,0.795,0.796,0.801,0.813,0.811,0.813,0.817,0.824,0.836,0.841,0.846,0.85,0.853,0.856,0.861,0.852,0.855
PNG,EAP,Papua New Guinea,0.37,0.38,0.391,0.405,0.419,0.423,0.43,0.432,0.435,0.444,0.447,0.451,0.455,0.461,0.461,0.466,0.469,0.478,0.484,0.49,0.499,0.504,0.513,0.518,0.533,0.541,0.547,0.552,0.554,0.56,0.56,0.558
BWA,SSA,Botswana,0.586,0.588,0.586,0.588,0.578,0.583,0.583,0.586,0.586,0.587,0.585,0.586,0.583,0.59,0.595,0.604,0.618,0.632,0.642,0.647,0.66,0.669,0.674,0.687,0.696,0.702,0.713,0.722,0.716,0.717,0.713,0.693
IDN,EAP,Indonesia,0.526,0.532,0.54,0.548,0.558,0.569,0.578,0.589,0.585,0.59,0.595,0.604,0.612,0.621,0.619,0.632,0.639,0.643,0.646,0.657,0.664,0.671,0.678,0.683,0.687,0.695,0.699,0.704,0.71,0.716,0.709,0.705
TGO,SSA,Togo,0.41,0.414,0.406,0.398,0.404,0.419,0.429,0.438,0.439,0.443,0.446,0.449,0.454,0.46,0.459,0.458,0.464,0.457,0.464,0.472,0.477,0.487,0.491,0.499,0.505,0.514,0.518,0.524,0.528,0.535,0.535,0.539
TJK,ECA,Tajikistan,0.628,0.622,0.57,0.542,0.547,0.547,0.531,0.54,0.547,0.553,0.56,0.569,0.579,0.594,0.606,0.612,0.622,0.625,0.639,0.633,0.636,0.635,0.643,0.656,0.656,0.657,0.66,0.665,0.671,0.676,0.664,0.685
SAU,AS,Saudi Arabia,0.678,0.688,0.694,0.699,0.704,0.709,0.715,0.72,0.727,0.73,0.737,0.744,0.75,0.76,0.77,0.78,0.787,0.794,0.802,0.807,0.816,0.828,0.837,0.845,0.852,0.859,0.864,0.86,0.865,0.873,0.87,0.875
AUS,,Australia,0.865,0.867,0.869,0.873,0.873,0.882,0.884,0.887,0.891,0.894,0.896,0.9,0.902,0.906,0.908,0.911,0.914,0.915,0.919,0.921,0.923,0.926,0.93,0.929,0.931,0.933,0.935,0.937,0.941,0.941,0.947,0.951
NIC,LAC,Nicaragua,0.49,0.5,0.505,0.508,0.513,0.522,0.532,0.542,0.544,0.559,0.566,0.571,0.575,0.578,0.582,0.588,0.593,0.599,0.605,0.606,0.614,0.622,0.629,0.634,0.641,0.647,0.653,0.659,0.662,0.664,0.654,0.667
RUS,,Russian Federation,0.743,0.741,0.728,0.71,0.698,0.698,0.708,0.716,0.719,0.721,0.732,0.74,0.746,0.754,0.761,0.764,0.775,0.786,0.791,0.789,0.796,0.808,0.811,0.817,0.818,0.824,0.828,0.833,0.841,0.845,0.83,0.822
MNG,EAP,Mongolia,0.579,0.575,0.564,0.551,0.555,0.56,0.564,0.572,0.583,0.591,0.598,0.609,0.617,0.631,0.647,0.658,0.669,0.68,0.691,0.695,0.701,0.709,0.718,0.726,0.729,0.732,0.733,0.732,0.743,0.746,0.745,0.739
CHN,EAP,China,0.484,0.492,0.504,0.515,0.525,0.535,0.545,0.554,0.564,0.573,0.584,0.593,0.604,0.615,0.626,0.638,0.65,0.663,0.672,0.682,0.691,0.7,0.709,0.717,0.725,0.733,0.74,0.747,0.755,0.762,0.764,0.768
LUX,,Luxembourg,0.786,0.796,0.8,0.81,0.819,0.824,0.832,0.839,0.846,0.861,0.864,0.869,0.874,0.873,0.882,0.884,0.885,0.887,0.9,0.905,0.912,0.913,0.916,0.921,0.926,0.915,0.923,0.919,0.922,0.927,0.924,0.93
JOR,AS,Jordan,0.622,0.625,0.637,0.641,0.644,0.651,0.655,0.661,0.666,0.671,0.678,0.685,0.692,0.698,0.709,0.716,0.722,0.729,0.734,0.731,0.725,0.721,0.721,0.719,0.719,0.718,0.718,0.718,0.723,0.727,0.723,0.72
LVA,,Latvia,0.73,0.727,0.706,0.69,0.687,0.696,0.711,0.722,0.733,0.746,0.756,0.767,0.778,0.787,0.799,0.808,0.815,0.82,0.827,0.826,0.824,0.831,0.833,0.843,0.846,0.85,0.855,0.86,0.866,0.871,0.871,0.863
ZWE,SSA,Zimbabwe,0.509,0.512,0.498,0.491,0.486,0.477,0.476,0.472,0.466,0.457,0.452,0.441,0.452,0.439,0.446,0.448,0.452,0.454,0.454,0.486,0.512,0.535,0.557,0.567,0.576,0.582,0.588,0.594,0.602,0.601,0.6,0.593
MOZ,SSA,Mozambique,0.238,0.24,0.234,0.239,0.242,0.247,0.259,0.272,0.283,0.296,0.303,0.316,0.324,0.337,0.347,0.357,0.364,0.377,0.387,0.395,0.402,0.407,0.413,0.427,0.433,0.44,0.443,0.445,0.451,0.456,0.453,0.446
GMB,SSA,Gambia,0.343,0.35,0.357,0.363,0.369,0.376,0.382,0.385,0.392,0.398,0.404,0.41,0.412,0.419,0.428,0.431,0.436,0.442,0.45,0.455,0.46,0.46,0.467,0.471,0.473,0.478,0.484,0.489,0.495,0.503,0.501,0.5
CYP,,Cyprus,0.716,0.719,0.726,0.765,0.77,0.776,0.781,0.785,0.794,0.794,0.797,0.804,0.816,0.825,0.83,0.834,0.841,0.848,0.857,0.862,0.857,0.861,0.86,0.861,0.865,0.871,0.877,0.887,0.892,0.897,0.894,0.896
NOR,,Norway,0.838,0.845,0.851,0.858,0.873,0.871,0.879,0.885,0.895,0.901,0.913,0.911,0.912,0.919,0.927,0.931,0.937,0.938,0.94,0.936,0.941,0.944,0.946,0.949,0.952,0.953,0.955,0.959,0.962,0.961,0.959,0.961
GBR,,United Kingdom,0.804,0.809,0.816,0.82,0.828,0.828,0.834,0.842,0.848,0.855,0.862,0.868,0.873,0.878,0.889,0.895,0.894,0.897,0.9,0.906,0.912,0.908,0.909,0.922,0.924,0.924,0.927,0.93,0.929,0.935,0.924,0.929
LTU,,Lithuania,0.734,0.729,0.714,0.697,0.693,0.701,0.717,0.732,0.744,0.753,0.766,0.776,0.786,0.8,0.809,0.817,0.823,0.83,0.84,0.839,0.842,0.849,0.851,0.854,0.861,0.862,0.868,0.876,0.88,0.884,0.879,0.875
SLV,LAC,El Salvador,0.525,0.536,0.548,0.558,0.568,0.578,0.587,0.597,0.605,0.609,0.617,0.619,0.626,0.631,0.636,0.641,0.646,0.651,0.653,0.653,0.659,0.661,0.664,0.667,0.666,0.668,0.671,0.674,0.68,0.683,0.672,0.675
MWI,SSA,Malawi,0.303,0.309,0.319,0.327,0.326,0.367,0.368,0.369,0.369,0.375,0.374,0.38,0.386,0.393,0.4,0.406,0.415,0.423,0.433,0.445,0.456,0.463,0.47,0.478,0.487,0.491,0.498,0.505,0.51,0.519,0.516,0.512
HUN,,Hungary,0.72,0.715,0.714,0.722,0.731,0.735,0.741,0.749,0.756,0.763,0.773,0.782,0.791,0.798,0.801,0.806,0.814,0.817,0.823,0.825,0.828,0.83,0.831,0.84,0.838,0.838,0.843,0.845,0.849,0.853,0.849,0.846
POL,,Poland,0.716,0.713,0.718,0.731,0.741,0.746,0.755,0.766,0.776,0.783,0.793,0.799,0.806,0.811,0.809,0.815,0.82,0.825,0.831,0.835,0.841,0.847,0.852,0.863,0.865,0.868,0.872,0.875,0.877,0.881,0.876,0.876
BHR,AS,Bahrain,0.742,0.743,0.749,0.761,0.764,0.772,0.778,0.78,0.785,0.789,0.798,0.804,0.804,0.806,0.804,0.803,0.804,0.807,0.808,0.806,0.808,0.809,0.817,0.824,0.83,0.858,0.865,0.869,0.879,0.882,0.877,0.875
BGR,,Bulgaria,0.684,0.684,0.686,0.689,0.691,0.7,0.711,0.706,0.716,0.72,0.725,0.734,0.74,0.749,0.756,0.762,0.767,0.774,0.782,0.785,0.79,0.794,0.798,0.805,0.807,0.809,0.809,0.808,0.809,0.81,0.802,0.795
VEN,LAC,Venezuela (Bolivarian Republic of),0.659,0.669,0.675,0.676,0.675,0.679,0.679,0.685,0.686,0.682,0.684,0.689,0.699,0.693,0.707,0.721,0.732,0.749,0.756,0.756,0.755,0.762,0.767,0.774,0.77,0.767,0.757,0.744,0.738,0.721,0.695,0.691
HTI,LAC,Haiti,0.429,0.433,0.435,0.436,0.434,0.444,0.45,0.455,0.46,0.466,0.47,0.472,0.476,0.482,0.479,0.49,0.494,0.499,0.503,0.508,0.433,0.512,0.517,0.521,0.525,0.529,0.532,0.539,0.541,0.543,0.54,0.535
PER,LAC,Peru,0.621,0.625,0.625,0.629,0.639,0.647,0.651,0.656,0.664,0.673,0.676,0.684,0.685,0.684,0.69,0.686,0.691,0.7,0.708,0.711,0.725,0.732,0.742,0.75,0.755,0.759,0.765,0.77,0.776,0.78,0.762,0.762
LBY,AS,Libya,0.666,0.677,0.681,0.684,0.689,0.694,0.699,0.704,0.706,0.709,0.712,0.716,0.716,0.724,0.731,0.735,0.739,0.741,0.741,0.738,0.739,0.69,0.726,0.716,0.699,0.699,0.696,0.714,0.722,0.722,0.703,0.718
ALB,ECA,Albania,0.647,0.629,0.614,0.617,0.624,0.634,0.645,0.642,0.657,0.669,0.677,0.684,0.689,0.696,0.7,0.711,0.718,0.73,0.736,0.741,0.754,0.766,0.778,0.785,0.792,0.795,0.798,0.802,0.806,0.81,0.794,0.796
PHL,EAP,Philippines,0.598,0.599,0.603,0.606,0.609,0.612,0.62,0.625,0.63,0.633,0.633,0.638,0.645,0.65,0.657,0.658,0.659,0.664,0.668,0.667,0.674,0.679,0.685,0.692,0.696,0.698,0.7,0.704,0.71,0.718,0.71,0.699
NPL,SA,Nepal,0.399,0.408,0.416,0.421,0.428,0.433,0.442,0.449,0.455,0.461,0.467,0.469,0.476,0.482,0.489,0.495,0.505,0.509,0.518,0.53,0.543,0.553,0.561,0.57,0.576,0.579,0.586,0.594,0.601,0.611,0.604,0.602
LAO,EAP,Lao People's Democratic Republic,0.405,0.412,0.417,0.424,0.432,0.434,0.447,0.454,0.46,0.466,0.47,0.476,0.484,0.493,0.5,0.51,0.511,0.525,0.532,0.543,0.551,0.563,0.572,0.582,0.592,0.599,0.604,0.607,0.607,0.61,0.608,0.607
FRA,,France,0.791,0.799,0.806,0.809,0.823,0.828,0.833,0.838,0.842,0.84,0.844,0.847,0.848,0.851,0.858,0.866,0.87,0.873,0.873,0.872,0.877,0.881,0.882,0.887,0.892,0.892,0.895,0.898,0.901,0.905,0.898,0.903
JPN,,Japan,0.845,0.849,0.85,0.855,0.861,0.863,0.868,0.871,0.871,0.872,0.877,0.88,0.882,0.884,0.888,0.889,0.892,0.895,0.895,0.896,0.898,0.899,0.905,0.91,0.914,0.918,0.921,0.922,0.923,0.924,0.923,0.925
GIN,SSA,Guinea,0.269,0.274,0.282,0.289,0.295,0.303,0.31,0.321,0.33,0.339,0.345,0.352,0.362,0.37,0.377,0.387,0.394,0.402,0.408,0.41,0.415,0.42,0.425,0.429,0.435,0.44,0.45,0.458,0.462,0.467,0.466,0.465
ZMB,SSA,Zambia,0.412,0.408,0.408,0.414,0.411,0.413,0.414,0.413,0.411,0.413,0.418,0.425,0.434,0.448,0.459,0.472,0.484,0.495,0.506,0.519,0.529,0.534,0.548,0.554,0.557,0.562,0.564,0.568,0.572,0.575,0.57,0.565
PAK,SA,Pakistan,0.4,0.404,0.409,0.41,0.414,0.417,0.423,0.425,0.43,0.435,0.441,0.448,0.454,0.462,0.475,0.484,0.493,0.499,0.498,0.502,0.505,0.508,0.513,0.518,0.527,0.534,0.541,0.543,0.545,0.546,0.543,0.544
NLD,,Netherlands,0.847,0.852,0.853,0.855,0.881,0.878,0.882,0.883,0.886,0.888,0.893,0.895,0.892,0.894,0.897,0.899,0.906,0.912,0.912,0.913,0.917,0.927,0.927,0.929,0.931,0.932,0.933,0.937,0.939,0.943,0.939,0.941
ARG,LAC,Argentina,0.723,0.73,0.735,0.739,0.744,0.745,0.751,0.756,0.762,0.773,0.779,0.784,0.785,0.793,0.798,0.802,0.814,0.817,0.825,0.827,0.834,0.841,0.843,0.845,0.846,0.848,0.847,0.851,0.85,0.852,0.84,0.842
DEU,,Germany,0.829,0.835,0.842,0.852,0.858,0.863,0.868,0.874,0.879,0.884,0.889,0.896,0.901,0.905,0.914,0.914,0.917,0.921,0.923,0.923,0.926,0.931,0.933,0.934,0.937,0.938,0.941,0.944,0.945,0.948,0.944,0.942
BLZ,LAC,Belize,0.593,0.6,0.608,0.614,0.618,0.62,0.623,0.625,0.626,0.633,0.64,0.643,0.652,0.66,0.667,0.664,0.68,0.685,0.693,0.701,0.707,0.709,0.713,0.712,0.709,0.708,0.712,0.707,0.706,0.705,0.69,0.683
PRT,,Portugal,0.701,0.711,0.727,0.741,0.754,0.761,0.769,0.778,0.786,0.785,0.791,0.797,0.798,0.802,0.805,0.806,0.811,0.818,0.822,0.825,0.829,0.835,0.836,0.845,0.848,0.85,0.853,0.859,0.86,0.867,0.863,0.866
BDI,SSA,Burundi,0.29,0.292,0.289,0.26,0.29,0.286,0.283,0.287,0.294,0.296,0.297,0.299,0.311,0.319,0.33,0.338,0.36,0.372,0.386,0.395,0.405,0.41,0.416,0.421,0.426,0.428,0.43,0.428,0.428,0.431,0.426,0.426
MLI,SSA,Mali,0.237,0.245,0.249,0.257,0.264,0.27,0.277,0.289,0.299,0.311,0.317,0.329,0.338,0.35,0.357,0.366,0.375,0.382,0.39,0.397,0.404,0.409,0.407,0.407,0.415,0.416,0.421,0.426,0.43,0.433,0.427,0.428
VNM,EAP,Viet Nam,0.482,0.493,0.504,0.515,0.526,0.539,0.55,0.56,0.569,0.578,0.588,0.598,0.608,0.617,0.625,0.633,0.641,0.648,0.653,0.658,0.663,0.668,0.672,0.676,0.68,0.684,0.688,0.692,0.697,0.703,0.71,0.703
CAN,,Canada,0.86,0.864,0.868,0.866,0.872,0.876,0.879,0.88,0.879,0.884,0.89,0.892,0.894,0.897,0.901,0.903,0.907,0.908,0.91,0.909,0.911,0.915,0.921,0.923,0.925,0.926,0.928,0.931,0.933,0.937,0.931,0.936
CZE,,Czechia,0.742,0.742,0.743,0.751,0.762,0.77,0.782,0.787,0.792,0.796,0.808,0.818,0.825,0.831,0.836,0.844,0.852,0.859,0.863,0.865,0.87,0.872,0.874,0.881,0.887,0.891,0.895,0.897,0.894,0.897,0.892,0.889
UKR,ECA,Ukraine,0.729,0.723,0.715,0.703,0.689,0.684,0.685,0.689,0.696,0.698,0.7,0.715,0.722,0.732,0.74,0.743,0.751,0.757,0.761,0.758,0.764,0.769,0.773,0.773,0.773,0.774,0.779,0.782,0.783,0.786,0.775,0.773
ROU,,Romania,0.703,0.689,0.679,0.68,0.682,0.688,0.693,0.696,0.7,0.708,0.715,0.722,0.729,0.732,0.742,0.756,0.77,0.786,0.806,0.809,0.807,0.808,0.805,0.81,0.811,0.813,0.816,0.823,0.827,0.832,0.824,0.821
MEX,LAC,Mexico,0.662,0.664,0.667,0.669,0.674,0.674,0.681,0.688,0.696,0.702,0.709,0.712,0.719,0.725,0.73,0.733,0.741,0.743,0.745,0.745,0.746,0.752,0.76,0.76,0.764,0.768,0.772,0.775,0.777,0.779,0.756,0.758
COD,SSA,Congo (Democratic Republic of the),0.386,0.384,0.38,0.375,0.371,0.373,0.372,0.374,0.371,0.368,0.376,0.374,0.378,0.384,0.39,0.395,0.401,0.406,0.416,0.421,0.429,0.438,0.44,0.446,0.455,0.463,0.472,0.475,0.48,0.482,0.479,0.479
COG,SSA,Congo,0.522,0.519,0.518,0.512,0.507,0.497,0.496,0.466,0.489,0.49,0.491,0.497,0.5,0.5,0.505,0.519,0.532,0.533,0.541,0.554,0.561,0.564,0.575,0.58,0.589,0.59,0.586,0.58,0.578,0.57,0.574,0.571
BEN,SSA,Benin,0.359,0.364,0.369,0.375,0.38,0.386,0.391,0.397,0.402,0.409,0.416,0.428,0.436,0.443,0.45,0.457,0.464,0.472,0.48,0.486,0.492,0.499,0.509,0.52,0.524,0.529,0.53,0.53,0.53,0.53,0.524,0.525
ARM,ECA,Armenia,0.656,0.649,0.618,0.616,0.62,0.627,0.632,0.641,0.654,0.657,0.662,0.666,0.676,0.686,0.694,0.707,0.721,0.738,0.742,0.741,0.746,0.75,0.755,0.76,0.764,0.766,0.765,0.768,0.771,0.778,0.757,0.759
ISL,,Iceland,0.811,0.822,0.828,0.829,0.835,0.833,0.838,0.849,0.86,0.862,0.871,0.879,0.886,0.891,0.895,0.901,0.903,0.909,0.902,0.9,0.902,0.912,0.921,0.929,0.938,0.945,0.948,0.954,0.959,0.96,0.957,0.959
SGP,EAP,Singapore,0.727,0.737,0.748,0.758,0.77,0.779,0.789,0.802,0.81,0.82,0.831,0.833,0.84,0.845,0.851,0.875,0.881,0.887,0.892,0.892,0.91,0.915,0.92,0.923,0.928,0.93,0.934,0.935,0.94,0.943,0.939,0.939
BRA,LAC,Brazil,0.61,0.616,0.622,0.63,0.638,0.646,0.653,0.66,0.666,0.671,0.679,0.686,0.692,0.688,0.692,0.698,0.7,0.704,0.715,0.717,0.723,0.728,0.732,0.75,0.754,0.753,0.755,0.759,0.764,0.766,0.758,0.754
THA,EAP,Thailand,0.576,0.585,0.595,0.604,0.613,0.619,0.628,0.635,0.64,0.646,0.653,0.664,0.676,0.687,0.697,0.706,0.712,0.724,0.727,0.73,0.737,0.743,0.746,0.747,0.778,0.781,0.785,0.79,0.795,0.804,0.802,0.8
DZA,AS,Algeria,0.591,0.594,0.599,0.601,0.602,0.606,0.617,0.624,0.633,0.641,0.649,0.655,0.664,0.67,0.678,0.685,0.69,0.697,0.705,0.714,0.721,0.727,0.729,0.731,0.735,0.74,0.743,0.744,0.745,0.748,0.736,0.745
MDA,ECA,Moldova (Republic of),0.653,0.644,0.632,0.634,0.614,0.618,0.617,0.626,0.628,0.631,0.641,0.652,0.663,0.674,0.685,0.695,0.704,0.713,0.723,0.723,0.73,0.736,0.741,0.746,0.75,0.749,0.756,0.765,0.768,0.774,0.766,0.767
GHA,SSA,Ghana,0.46,0.466,0.47,0.475,0.477,0.483,0.487,0.492,0.497,0.502,0.507,0.505,0.512,0.515,0.521,0.533,0.54,0.55,0.561,0.566,0.574,0.585,0.592,0.6,0.6,0.607,0.611,0.616,0.62,0.631,0.632,0.632
ESP,,Spain,0.757,0.764,0.772,0.781,0.789,0.796,0.802,0.808,0.813,0.818,0.825,0.83,0.834,0.837,0.844,0.85,0.856,0.858,0.86,0.861,0.868,0.872,0.874,0.88,0.884,0.889,0.895,0.897,0.901,0.908,0.899,0.905
GRC,,Greece,0.759,0.769,0.769,0.769,0.774,0.777,0.782,0.789,0.799,0.801,0.81,0.82,0.83,0.835,0.843,0.855,0.863,0.858,0.863,0.866,0.869,0.865,0.866,0.871,0.879,0.88,0.877,0.88,0.886,0.889,0.886,0.887
UGA,SSA,Uganda,0.329,0.331,0.325,0.332,0.336,0.342,0.354,0.364,0.373,0.385,0.394,0.404,0.417,0.429,0.444,0.454,0.466,0.476,0.484,0.494,0.502,0.506,0.504,0.509,0.512,0.517,0.519,0.52,0.522,0.525,0.524,0.525
NER,SSA,Niger,0.216,0.218,0.222,0.227,0.232,0.238,0.243,0.248,0.256,0.259,0.262,0.268,0.274,0.278,0.289,0.298,0.306,0.311,0.32,0.327,0.338,0.346,0.354,0.362,0.37,0.376,0.383,0.39,0.399,0.406,0.401,0.4
ISR,,Israel,0.787,0.793,0.797,0.804,0.808,0.811,0.818,0.825,0.833,0.841,0.844,0.848,0.854,0.855,0.858,0.866,0.874,0.885,0.885,0.889,0.894,0.897,0.898,0.904,0.908,0.909,0.913,0.917,0.919,0.921,0.917,0.919
USA,,United States,0.872,0.873,0.878,0.88,0.884,0.885,0.887,0.89,0.893,0.889,0.891,0.892,0.893,0.895,0.898,0.9,0.904,0.906,0.906,0.908,0.911,0.913,0.916,0.917,0.919,0.92,0.922,0.924,0.927,0.93,0.92,0.921
ECU,LAC,Ecuador,0.651,0.652,0.658,0.662,0.667,0.671,0.674,0.679,0.684,0.683,0.687,0.693,0.698,0.703,0.71,0.715,0.72,0.723,0.729,0.731,0.736,0.743,0.751,0.755,0.76,0.765,0.762,0.762,0.762,0.76,0.731,0.74
JAM,LAC,Jamaica,0.659,0.662,0.663,0.667,0.668,0.669,0.669,0.668,0.666,0.667,0.664,0.673,0.677,0.671,0.687,0.69,0.694,0.697,0.7,0.7,0.704,0.709,0.713,0.714,0.714,0.713,0.712,0.715,0.716,0.719,0.713,0.709
KWT,AS,Kuwait,0.718,0.68,0.678,0.705,0.733,0.759,0.782,0.786,0.789,0.787,0.787,0.781,0.784,0.793,0.797,0.798,0.799,0.802,0.807,0.81,0.813,0.82,0.826,0.819,0.823,0.83,0.833,0.835,0.836,0.839,0.822,0.831
CMR,SSA,Cameroon,0.452,0.449,0.446,0.439,0.436,0.435,0.434,0.435,0.436,0.437,0.442,0.46,0.461,0.468,0.474,0.475,0.477,0.489,0.497,0.506,0.513,0.521,0.533,0.542,0.551,0.56,0.564,0.571,0.577,0.583,0.578,0.576
ARE,AS,United Arab Emirates,0.728,0.739,0.742,0.748,0.755,0.762,0.767,0.773,0.779,0.787,0.796,0.8,0.804,0.814,0.818,0.822,0.827,0.831,0.834,0.833,0.835,0.84,0.846,0.852,0.859,0.865,0.87,0.897,0.909,0.92,0.912,0.911
BGD,SA,Bangladesh,0.397,0.394,0.413,0.42,0.427,0.436,0.441,0.453,0.467,0.481,0.485,0.492,0.499,0.505,0.511,0.518,0.524,0.527,0.53,0.541,0.553,0.561,0.572,0.574,0.583,0.602,0.612,0.622,0.635,0.644,0.655,0.661
SVK,,Slovakia,0.692,0.69,0.694,0.701,0.711,0.72,0.73,0.738,0.748,0.755,0.763,0.77,0.779,0.784,0.794,0.803,0.812,0.823,0.831,0.833,0.84,0.844,0.845,0.848,0.849,0.851,0.854,0.856,0.859,0.862,0.857,0.848
TUR,ECA,Turkey,0.6,0.604,0.61,0.617,0.618,0.625,0.633,0.641,0.652,0.655,0.67,0.674,0.684,0.69,0.695,0.7,0.71,0.717,0.721,0.728,0.749,0.762,0.769,0.799,0.809,0.817,0.823,0.833,0.839,0.842,0.833,0.838
NZL,,New Zealand,0.806,0.811,0.818,0.833,0.846,0.853,0.857,0.865,0.874,0.878,0.887,0.894,0.897,0.903,0.906,0.912,0.913,0.916,0.915,0.919,0.922,0.922,0.924,0.929,0.93,0.931,0.934,0.935,0.936,0.937,0.936,0.937
BEL,,Belgium,0.816,0.819,0.835,0.85,0.858,0.865,0.871,0.876,0.878,0.882,0.887,0.89,0.892,0.895,0.9,0.902,0.905,0.908,0.908,0.91,0.912,0.914,0.915,0.916,0.921,0.924,0.927,0.931,0.933,0.936,0.928,0.937
KOR,,Korea (Republic of),0.737,0.747,0.754,0.763,0.773,0.783,0.793,0.806,0.804,0.815,0.825,0.833,0.84,0.844,0.852,0.86,0.866,0.871,0.875,0.877,0.89,0.896,0.897,0.901,0.906,0.909,0.912,0.916,0.919,0.923,0.922,0.925
YEM,AS,Yemen,0.383,0.386,0.391,0.397,0.399,0.409,0.419,0.427,0.435,0.441,0.45,0.46,0.468,0.476,0.483,0.489,0.494,0.498,0.501,0.506,0.51,0.509,0.512,0.513,0.505,0.477,0.467,0.459,0.459,0.461,0.46,0.455
PAN,LAC,Panama,0.669,0.672,0.678,0.685,0.687,0.69,0.697,0.703,0.71,0.715,0.721,0.726,0.733,0.737,0.743,0.749,0.754,0.763,0.767,0.769,0.773,0.779,0.785,0.79,0.794,0.8,0.805,0.811,0.814,0.817,0.801,0.805
LKA,SA,Sri Lanka,0.636,0.641,0.65,0.658,0.663,0.666,0.672,0.678,0.683,0.691,0.688,0.69,0.694,0.699,0.683,0.71,0.714,0.719,0.721,0.713,0.737,0.744,0.751,0.756,0.76,0.764,0.767,0.771,0.776,0.778,0.78,0.782
KHM,EAP,Cambodia,0.378,0.383,0.387,0.39,0.392,0.397,0.4,0.404,0.407,0.416,0.425,0.441,0.461,0.475,0.488,0.499,0.51,0.521,0.528,0.534,0.54,0.548,0.555,0.562,0.569,0.574,0.581,0.586,0.591,0.598,0.596,0.593
IRQ,AS,Iraq,0.528,0.496,0.524,0.545,0.543,0.532,0.551,0.558,0.571,0.582,0.589,0.596,0.598,0.579,0.602,0.606,0.604,0.607,0.623,0.633,0.64,0.649,0.66,0.667,0.67,0.675,0.679,0.685,0.692,0.696,0.679,0.686
CRI,LAC,Costa Rica,0.66,0.663,0.674,0.682,0.685,0.691,0.693,0.7,0.705,0.708,0.71,0.715,0.722,0.727,0.732,0.74,0.747,0.756,0.765,0.769,0.772,0.782,0.786,0.792,0.796,0.798,0.803,0.807,0.811,0.819,0.816,0.809