iso3,region,country,mys_1990,mys_1991,mys_1992,mys_1993,mys_1994,mys_1995,mys_1996,mys_1997,mys_1998,mys_1999,mys_2000,mys_2001,mys_2002,mys_2003,mys_2004,mys_2005,mys_2006,mys_2007,mys_2008,mys_2009,mys_2010,mys_2011,mys_2012,mys_2013,mys_2014,mys_2015,mys_2016,mys_2017,mys_2018,mys_2019,mys_2020,mys_2021
AND,,Andorra,,,,,,,,,,,9.806363724,9.891956443,9.978296239,10.06538963,10.70065022,10.08963966,10.41322041,10.4421978,10.47117519,10.50015259,10.52912998,10.55810738,10.58708477,10.61606216,10.64503956,10.57328033,10.55609989,10.55577309,10.5554463,10.55511952,10.55511952,10.55511952
ATG,LAC,Antigua and Barbuda,,,,,,,,,,,7.026353,8.911,8.962747824,9.014495648,9.066243472,9.117991296,9.169739121,9.221486945,9.273234769,9.324982593,9.2361755,8.99,9.03495,9.08012475,9.125525374,9.171153001,9.217008766,9.263093809,9.293740746,9.293740746,9.293740746,9.293740746
BTN,SA,Bhutan,,,,,,,,,,,,,,,,,,,,,2.306014,2.261766999,2.217519999,2.585663986,2.953807974,3.321951962,3.690095949,4.058239937,4.580629311,5.170262283,5.170262283,5.170262283
COM,SSA,Comoros,,,,,,,,,,,2.762227737,2.762227737,2.789850015,2.817748515,2.845926,3.06537925,3.2848325,3.50428575,3.723739,3.94319225,4.1626455,4.38209875,4.601552,4.661372176,4.721970014,4.783355624,4.845539248,4.908531258,4.993590129,5.078649,5.078649,5.078649
CPV,SSA,Cabo Verde,,,,,,,,,,,3.504169,3.66619611,3.828223219,3.990250329,4.152277438,4.314304548,4.476331657,4.638358767,4.800385876,4.962412986,5.124440095,5.286467205,5.448494314,5.610521424,5.772548533,5.858970165,5.973347954,6.076351994,6.181132228,6.287719287,6.287719287,6.287719287
DJI,AS,Djibouti,,,,,,2.824621,2.824621,2.9264589,3.0282968,3.1301347,3.2319726,3.3338105,3.4356484,3.5374863,3.6393242,3.7411621,3.843,3.875428571,3.907857143,3.940285714,3.972714286,4.005142857,4.037571429,4.045678571,4.053785714,4.061892857,4.07,4.07,4.0,4.1,4.1,4.1
DMA,LAC,Dominica,,,,,,,,,,,7.775336266,7.750249863,7.78232741,7.789318555,7.796309699,7.803300844,7.810291988,7.817283133,7.824274277,7.831265422,7.838256566,7.845247711,7.852238855,7.893659876,7.935080896,7.976501917,8.017922938,8.059343959,8.100764979,8.142186,8.142186,8.142186
ERI,SSA,Eritrea,,,,,,,,,,,,,3.147506,3.3265146,3.5055232,3.6845318,3.8635404,4.042549,4.2215576,4.28812536,4.35469312,4.42126088,4.48782864,4.5543964,4.62096416,4.68753192,4.75409968,4.82066744,4.8872352,4.8872352,4.8872352,4.8872352
FSM,EAP,Micronesia (Federated States of),,,,,,,,,,,4.839572193,5.075428493,5.311284794,5.547141094,5.782997395,6.018853695,6.254709996,6.490566296,6.726422597,6.962278898,7.198135198,7.27011655,7.342817716,7.416245893,7.490408352,7.565312435,7.64096556,7.717375215,7.717375215,7.804956,7.804956,7.804956
GNQ,SSA,Equatorial Guinea,,,,,,,,,,,5.364,5.364,5.375647996,5.387295992,5.398943988,5.410591984,5.42223998,5.433887976,5.445535972,5.457183968,5.468831964,5.48047996,5.492152765,5.503850431,5.515573013,5.527320562,5.539093132,5.550890776,5.550890776,5.910863,5.910863,5.910863
GRD,LAC,Grenada,,,,,,,,,,,,,7.445400273,7.552225239,7.659050204,7.76587517,7.872700136,7.979525102,8.086350068,8.193175034,8.3,8.375,8.45,8.525,8.6,8.675659824,8.675659824,8.675659824,8.8,9.032104,9.032104,9.032104
KIR,EAP,Kiribati,,,,,,,,,,,6.807679113,6.908141952,7.01008735,7.113537184,7.218513657,7.325039297,7.433136966,7.541234635,7.649332304,7.757429974,7.865527643,7.865527643,7.865527643,7.865527643,7.865527643,7.865527643,7.865527643,7.865527643,7.865527643,7.984461822,7.984461822,7.984461822
KNA,LAC,Saint Kitts and Nevis,,,,,,,,,,,,,,,,7.188100859,7.31505829,7.444258063,7.575739785,7.709543758,7.845711,7.98428325,8.1228555,8.26142775,8.4,8.4,8.4,8.4,8.5,8.662745,8.662745,8.662745
LIE,,Liechtenstein,10.44884215,10.51662174,10.584841,10.6535028,10.72260998,10.79216545,10.86217212,10.9326329,11.00355075,11.07492863,11.14676952,11.2200206,11.29327168,11.36652276,11.43977383,11.51302491,11.58627599,11.65952707,11.73277815,11.80602922,11.8792803,11.95253138,12.02578246,12.09903353,12.17228461,12.24553569,12.31878677,12.39203784,12.46528892,12.53854,12.53854,12.53854
MCO,,Monaco,,,,,,,,,,,,,,,,,,,,,,,,,,,,,,,,
MHL,EAP,Marshall Islands,,,,,,,,,,,,,,,,,,,,,,10.88313961,10.88313961,10.88313961,10.88313961,10.88313961,10.88313961,10.88313961,10.88313961,10.88313961,10.88313961,10.88313961
NRU,EAP,Nauru,,,,,,,,,,,,,,,,,,,,,,,,,,,,,,,,
PLW,EAP,Palau,10.29785585,10.41683987,10.53582389,10.6548079,10.77379192,10.89277594,10.99085477,11.08893359,11.18701242,11.28509125,11.38317007,11.38653606,11.38990204,11.39326803,11.39663401,11.4,11.53246823,11.66493645,11.79740468,11.92987291,12.06234113,12.19480936,12.20234785,12.81511974,12.88301,12.785,12.6872,12.5893,12.49143,12.49143,12.49143,12.49143
PRK,EAP,Korea (Democratic People's Rep. of),,,,,,,,,,,,,,,,,,,,,,,,,,,,,,,,
SLB,EAP,Solomon Islands,,,,,,,,,,4.498297,4.552326,4.606355,4.660384,4.714413,4.768442,4.822471,4.877886731,4.933302462,4.988718193,5.044133924,5.100165224,5.156818932,5.214101961,5.272021303,5.330584024,5.44073206,5.44073206,5.54073206,5.54073206,5.711848,5.711848,5.711848
SMR,,San Marino,,,,,,,,,,,,,,,,,,,,,,,,,,,,,10.80146027,10.80146027,10.80146027,10.80146027
SOM,AS,Somalia,,,,,,,,,,,,,,,,,,,,,,,,,,,,,,,,
SSD,SSA,South Sudan,,,,,,,,,,,,,,,,,,,5.726140022,5.726140022,5.726140022,5.726140022,5.726140022,5.726140022,5.726140022,5.726140022,5.726140022,5.726140022,5.726140022,5.726140022,5.726140022,5.726140022
SYC,SSA,Seychelles,,,,,,,,,,,10.38021632,10.37509683,10.36997986,10.36487045,10.35976105,10.35465165,10.34954224,10.34443284,10.33932344,10.33421403,10.32910463,10.32399523,10.31888582,10.31377642,10.30866702,10.30355761,10.29844821,10.29333881,10.2882294,10.28312,10.28312,10.28312
VCT,LAC,Saint Vincent and the Grenadines,,,,,,,,,,,7.538120307,7.609680742,7.681920509,7.754160276,7.826400043,7.898639811,7.970879578,8.043119345,8.115359113,8.18759888,8.259838647,8.332078415,8.404318182,8.890140604,9.375963025,9.861785447,10.34760787,10.83343029,10.83343029,10.83343029,10.83343029,10.83343029
VUT,EAP,Vanuatu,,,,,,,,,,,,,,,,6.504119241,6.539910145,6.575898,6.580869198,6.648269778,6.684455667,6.720641556,6.756827444,6.793013333,6.793013333,6.793013333,6.68,6.76,6.84,7.064846,7.064846,7.064846
WSM,EAP,Samoa,10.12533396,10.19498511,10.26511539,10.33572809,10.40682652,10.47841404,10.55049399,10.62306978,10.69614481,10.76972252,10.84380636,10.91839981,10.99454679,11.07069378,11.14684076,11.22298775,11.29913473,11.37528172,11.4514287,11.52757568,11.60372267,11.67986965,11.64919525,11.61852084,11.58784643,11.55717203,11.52649762,11.49582322,11.46514881,11.43447441,11.4038,11.4038
LCA,LAC,Saint Lucia,6.565525952,6.654469967,6.744618918,6.834767869,6.92491682,7.01506577,7.105214721,7.195363672,7.285512623,7.375661574,7.465810525,7.555959476,7.646108427,7.736257377,7.826406328,7.916555279,8.00670423,8.096853181,8.187002132,8.277151083,8.367300034,8.363389969,8.359479904,8.355569839,8.387148221,8.418726603,8.450304985,8.481883367,8.513461749,8.545040131,8.545040131,8.545040131
TLS,EAP,Timor-Leste,,,,,,,,,,,3.120541161,3.231405203,3.346207932,3.465089279,3.588194146,3.715672582,3.847679968,3.984377205,4.12593091,4.27251362,4.424304,4.593051667,4.761799333,4.930547,5.099294667,5.268042333,5.43679,5.43679,5.43679,5.43679,5.43679,5.43679
GNB,SSA,Guinea-Bissau,,,,,,,,,,,,,,,,2.204978486,2.340608358,2.464599282,2.588590205,2.712581128,2.836572051,2.960562974,3.084553897,3.208544821,3.332535744,3.382772395,3.433009046,3.483245697,3.533482349,3.583719,3.583719,3.583719
SVN,,Slovenia,7.189289993,7.50770998,7.840233069,8.172756158,8.505279248,8.837802337,9.170325426,9.502848515,9.835371604,10.16789469,10.50041778,10.83294087,11.16546396,11.49798705,11.83051014,11.68457031,11.81441021,11.7532196,11.90997028,12.02530956,12.05920029,12.21228981,12.2800703,12.38016987,12.42835999,12.56729984,12.66755009,12.70028973,12.75198507,12.80368042,12.80368042,12.80368042
TTO,LAC,Trinidad and Tobago,7.252180099,7.421411779,7.590643459,7.759875139,7.929106818,8.098338498,8.267570178,8.436801857,8.606033537,8.775265217,8.944496897,9.113728576,9.282960256,9.452191936,9.621423615,9.790655295,9.959886975,10.12911865,10.29835033,10.30049992,10.47030973,10.64011955,10.75685069,10.87486246,10.99416892,11.11478428,11.23672288,11.35999926,11.48462809,11.61062419,11.61062419,11.61062419
LSO,SSA,Lesotho,4.10912389,4.192011797,4.274899704,4.35778761,4.440675517,4.523563424,4.618796338,4.714029252,4.809262167,4.904495081,4.999727995,5.207829548,5.415931101,5.624032655,5.832134208,6.040235761,5.825079918,5.680554867,5.536029816,5.315240134,5.094450451,5.206655044,5.318859637,5.431064229,5.543268822,5.655473414,5.744151237,5.83282906,5.921506884,6.010184707,6.010184707,6.010184707
STP,SSA,Sao Tome and Principe,4.30072632,4.345293705,4.390322932,4.435818785,4.481786101,4.528229765,4.575154713,4.622565933,4.670468464,4.718867398,4.767767878,4.818209702,4.868651525,4.919093349,4.969535173,5.019976997,5.070418821,5.120860644,5.171302468,5.221744292,5.272186116,5.322627939,5.373069763,5.423511587,5.473953411,5.622282615,5.77061182,5.918941025,6.06727023,6.215599435,6.215599435,6.215599435
HRV,,Croatia,6.569557049,6.86289978,7.169340801,7.475781822,7.782222843,8.088663864,8.395104885,8.701545906,9.007986927,9.314427948,9.620868969,9.92730999,10.04897003,10.17063007,10.29229012,10.41395016,10.5356102,10.65727024,10.77893028,10.90059032,11.02225037,11.14391041,11.26972198,11.39695393,11.5256223,11.65574329,11.78733331,11.92040895,12.05498697,12.19108434,12.19108434,12.19108434
TON,EAP,Tonga,9.118815371,9.303388983,9.487962596,9.672536208,9.85710982,10.04168343,10.0284996,10.03272161,10.03694363,10.04116564,10.04538765,10.04960966,10.05383167,10.05805368,10.0622757,10.06649771,10.07071972,10.2396677,10.40861568,10.57756367,10.74651165,10.91545963,11.00441689,11.09337414,11.1823314,11.27128866,11.30161499,11.33194133,11.36226767,11.392594,11.392594,11.392594
MNE,ECA,Montenegro,,,,,,,,,,,,,,10.44497967,10.54984474,10.65470982,10.75957489,10.86443996,10.96930504,11.07417011,11.17903519,11.28390026,11.39179255,11.50071646,11.61068185,11.7216987,11.83377704,11.94692704,12.06115893,12.17648306,12.17648306,12.17648306
UZB,ECA,Uzbekistan,,,,,,,,,,,10.0474884,10.13654846,10.22639795,10.31704386,10.40849324,10.50075322,10.59383099,10.68773379,10.78246893,10.8780438,10.97446584,11.07174255,11.16988152,11.26889038,11.3428297,11.35682964,11.67308998,11.72383976,11.77458954,11.89558983,11.89558983,11.89558983
LBN,AS,Lebanon,,,,,,,,,,,,,,,,7.522628784,7.558289879,8.061389923,8.11616043,8.170930936,8.225701442,8.280471949,8.335242455,8.390012962,8.444783468,8.499553974,8.554324481,8.609094987,8.663865494,8.718636,8.718636,8.718636
LBR,SSA,Liberia,2.6,2.7,2.8,2.9,3.0,3.1,3.172,3.244,3.316,3.388,3.46,3.524,3.588,3.652,3.716,3.78,3.842,3.904,3.966,4.028,4.09,4.178,4.266,4.354,4.442,4.53,4.668,4.806,4.944,5.082,5.082,5.082
SDN,AS,Sudan,1.5,1.594,1.688,1.782,1.876,1.97,2.064,2.158,2.252,2.346,2.44,2.538,2.636,2.734,2.832,2.93,2.97,3.01,3.05,3.09,3.13,3.228,3.326,3.424,3.522,3.62,3.67,3.72,3.77,3.82,3.82,3.82
NGA,SSA,Nigeria,,,,,,,,,,,,,,4.724502563,4.933246326,5.141990089,5.350733852,5.559477615,5.768221378,5.508326769,5.248432159,5.481174628,5.713917096,5.946659565,6.061127424,6.175595284,6.436573823,6.697552363,6.958530903,7.181074153,7.181074153,7.181074153
BLR,ECA,Belarus,,,,,,9.956694897,10.04010863,10.12422118,10.20903839,10.29456617,10.38081047,10.4677773,10.5554727,10.64390279,10.73307371,10.82299168,10.91366295,11.00509383,11.09729068,11.19025993,11.28559198,11.38092403,11.47625608,11.57158813,11.66692019,11.76225224,11.85758429,11.95291634,12.04824839,12.14358044,12.14358044,12.14358044
GUY,LAC,Guyana,5.273218506,5.343320377,5.413422248,5.483524119,5.55362599,5.62372786,5.701618828,5.779509796,5.857400763,5.935291731,6.013182698,6.067706376,6.122230053,6.39731076,6.672391466,6.947472173,7.22255288,7.497633587,7.772714293,8.047795,8.099584273,8.151373545,8.203162818,8.254952091,8.306741364,8.358530636,8.410319909,8.462109182,8.513898455,8.565687727,8.617477,8.617477
ETH,SSA,Ethiopia,,,,,,,,,,,1.468838635,1.537157989,1.605477342,1.673796695,1.742116048,1.810435402,1.916687661,2.02293992,2.060162425,2.09738493,2.134607434,2.171829939,2.273690987,2.375552034,2.477413082,2.57927413,2.681135178,2.854597012,3.028058847,3.201520681,3.201520681,3.201520681
AGO,SSA,Angola,,,,,,,,,,3.3935,3.42472,3.463879585,3.504403463,3.54492734,3.585451218,3.625975095,3.666498973,3.70702285,3.747546728,3.788070605,3.828594483,3.86911836,3.909642238,3.950166115,3.990689993,4.704040408,5.417390823,5.417390823,5.417390823,5.417390823,5.417390823,5.417390823
MDV,SA,Maldives,4.04,3.934,3.828,3.722,3.616,3.51,3.418,3.326,3.234,3.142,3.05,3.054,3.058,3.062,3.066,3.07,3.332,3.594,3.856,4.118,4.38,4.834,5.288,5.742,6.196,6.65,6.818,6.986,7.154,7.322,7.322,7.322
SUR,LAC,Suriname,,,,,,,,,,,,,,,7.713980198,7.883716404,8.053452611,8.223188818,8.392925024,8.562661231,8.732397437,8.902133644,9.07186985,9.172111393,9.272352936,9.372594479,9.472836021,9.573077564,9.673319107,9.77680063,9.77680063,9.77680063
BIH,ECA,Bosnia and Herzegovina,,,,,,,,,,,6.175492432,6.184580359,6.193668286,6.202756212,6.211844139,6.220932066,6.230019992,6.450317462,6.670614931,6.8909124,7.111209869,7.238110065,7.890076637,8.542043209,9.194009781,9.291910172,9.692919731,9.752649784,9.812379837,10.17434978,10.53631973,10.53631973
PSE,AS,"Palestine, State of",,,,,,,,,,,,,,,7.527530193,7.631455183,7.735380173,7.913090229,8.014430046,8.305820465,8.363300323,8.575409889,8.851819992,8.873760223,8.913519859,9.075750351,9.156229973,9.275179863,9.524060249,9.731270313,9.938480377,9.938480377
FJI,EAP,Fiji,6.602397357,6.826421353,7.050445349,7.274469346,7.498493342,7.722517338,7.69411993,7.834786328,7.975452727,8.116119125,8.256785523,8.397451921,8.538118319,8.678784717,8.819451115,8.960117513,9.100783912,9.24145031,9.380341244,9.519232178,9.658123112,9.797014046,9.93590498,10.07479591,10.21368685,10.35257778,10.49146872,10.63035965,10.77497021,10.92154799,10.92154799,10.92154799
AZE,ECA,Azerbaijan,,,,,,9.921096274,9.985629775,10.05058305,10.11595882,10.18175983,10.24885607,10.3159523,10.38304853,10.45014477,10.517241,10.58433723,10.65143347,10.7185297,10.73077965,10.45223045,10.46595001,10.4671402,10.47150993,10.47587967,10.47768021,10.47585011,10.55539989,10.54459953,10.54176044,10.5429697,10.5429697,10.5429697
HKG,,"Hong Kong, China (SAR)",8.675597279,8.854880333,9.037868309,9.220856285,9.403844261,9.586832237,9.769820213,9.892756176,10.01569214,10.1386281,10.26156406,10.38450003,10.50743599,10.63037195,10.75330791,10.87624388,10.99917984,11.10687494,11.21457005,11.31379032,11.40386009,11.61520004,11.70422681,11.79325358,11.88228035,12.02414989,12.09660006,12.16905022,12.19762993,12.22620964,12.22620964,12.22620964
BHS,LAC,Bahamas,10.01280022,10.11538124,10.21796227,10.32054329,10.42312431,10.52570534,10.62828636,10.73086739,10.83344841,10.93602943,11.03861046,11.1210104,11.20341034,11.28581028,11.36821022,11.45061016,11.5330101,11.61541004,11.69780998,11.78020992,11.86260986,11.94677192,12.03153108,12.11689158,12.20285769,12.28943371,12.37662396,12.46443281,12.55286464,12.64192386,12.64192386,12.64192386
TUV,EAP,Tuvalu,7.130229363,7.243259907,7.358082245,7.472904584,7.587726922,7.70254926,7.817371599,7.932193937,8.047016275,8.161838614,8.276660952,8.39148329,8.506305629,8.621127967,8.735950306,8.850772644,8.965594982,9.080417321,9.195239659,9.310061997,9.424884336,9.539706674,9.654529012,9.769351351,9.884173689,9.998996028,10.11381837,10.2286407,10.34346304,10.45828538,10.57310772,10.57310772
RWA,SSA,Rwanda,1.902254862,1.947649581,1.993044299,2.038439017,2.083833736,2.129228454,2.194078051,2.258927649,2.323777247,2.388626844,2.453476442,2.570205717,2.686934993,2.803664269,2.920393544,3.03712282,3.181953588,3.326784356,3.471615124,3.616445892,3.76127666,3.763438313,3.765599966,3.910889983,4.05618,4.1258775,4.195574999,4.265272498,4.334969997,4.425292358,4.425292358,4.425292358
SWZ,SSA,Eswatini (Kingdom of),4.35,4.328,4.306,4.284,4.262,4.24,4.164,4.088,4.012,3.936,3.86,3.714,3.568,3.422,3.276,3.13,3.308,3.486,3.664,3.842,4.02,4.228,4.436,4.644,4.852,5.06,5.194,5.328,5.462,5.596,5.596,5.596
MUS,SSA,Mauritius,5.856750011,5.900706005,5.944661999,5.988617992,6.032573986,6.07652998,6.120485973,6.164441967,6.208397961,6.252353954,6.296309948,6.49846996,6.700629971,6.902789983,7.104949995,7.307110006,7.509270018,7.711430029,7.913590041,8.115750053,8.317910064,8.520070076,8.738007894,8.961520419,9.190750248,9.425843626,9.666950539,9.914224809,10.16782419,10.42791048,10.42791048,10.42791048
BRB,LAC,Barbados,8.369409254,8.499922319,8.630435384,8.760948449,8.891461514,9.021974579,9.015759671,9.009544763,9.003329855,8.997114948,8.99090004,9.096553473,9.202206907,9.307860341,9.413513774,9.519167208,9.546098475,9.573029743,9.59996101,9.626892278,9.653823545,9.662110089,9.670396633,9.678683176,9.68696972,9.695256264,9.734617347,9.77397843,9.813339513,9.852700596,9.852700596,9.852700596
TCD,SSA,Chad,,,,,,,,,,,1.283289695,1.333357263,1.38342483,1.433492398,1.483559966,1.539813972,1.596067977,1.652321982,1.708575988,1.764829993,1.840232813,1.915635633,1.991038452,2.066441272,2.141844092,2.217246912,2.301458538,2.388868544,2.479598405,2.57377421,2.57377421,2.57377421
TKM,ECA,Turkmenistan,,,,,,10.95166016,10.93930287,10.92694558,10.9145883,10.90223101,10.88987372,10.87751643,10.86515915,10.85280186,10.84044457,10.82808729,10.81573,10.85001154,10.88429308,10.91857462,10.95285615,10.98713769,11.02141923,11.05570077,11.08998231,11.12426385,11.15854538,11.19282692,11.22710846,11.26139,11.26139,11.26139
MKD,ECA,North Macedonia,4.605396198,4.781829411,4.965021798,5.155232306,5.352729797,5.574106097,5.795482397,6.016858697,6.238234997,6.459611297,6.680987597,6.902363896,7.123740196,7.296207428,7.46867466,7.641141891,7.813609123,7.986076355,8.158543587,8.331010818,8.50347805,8.675945282,8.848412514,9.020879745,9.193346977,9.365814209,9.538281441,9.710748672,9.883215904,10.05568314,10.22815037,10.22815037
MDG,SSA,Madagascar,,,,,,,,,,3.771085909,3.902890818,4.034695727,4.166500637,4.298305546,4.430110455,4.476048265,4.521986076,4.567923886,4.613861697,4.659799508,4.705737318,4.751675129,4.79761294,4.84355075,4.889488561,4.935426371,4.981364182,5.027301993,5.073239803,5.120468534,5.120468534,5.120468534
OMN,AS,Oman,,,,,,,,,,,5.425632031,5.694540001,5.976775726,6.272999763,6.616245842,6.95949192,7.302737999,7.645984077,7.989230156,7.955485106,7.921740055,8.246802139,8.571864223,8.896926308,9.221988392,9.547050476,9.968448448,10.38984642,10.81124439,11.23264236,11.65404034,11.65404034
BFA,SSA,Burkina Faso,,,,,,,,,,1.280945745,1.286308519,1.291693745,1.297101516,1.302531927,1.307985073,1.31346105,1.318959951,0.55941999,0.663264275,0.76710856,0.870952845,0.97479713,1.078641415,1.1824857,1.286329985,1.444627494,1.602925003,1.761222512,1.91952002,2.114962259,2.114962259,2.114962259
GEO,ECA,Georgia,,,,,,,,,,,11.80588996,11.86248939,11.91936016,11.97705412,12.03474808,12.09244204,12.15013599,12.20782995,12.26552391,12.32321787,12.38091183,12.43860579,12.49629974,12.55731964,12.61833954,12.71645498,12.81457043,12.87436008,12.84828997,12.82221985,12.82221985,12.82221985
SRB,ECA,Serbia,6.295356316,6.431557735,6.567759155,6.703960575,6.840161994,6.976363414,7.068220185,7.160076957,7.251933728,7.3437905,7.435647271,7.565513741,7.695380211,8.119018555,8.542656898,8.966295242,9.389933586,9.81357193,10.23721027,10.3045702,10.37370968,10.57170963,10.56832504,10.56494045,10.7205801,11.01756954,11.13010025,11.16240025,11.26613522,11.36987019,11.36987019,11.36987019
CUB,LAC,Cuba,8.794557697,8.942269906,9.089982115,9.237694325,9.385406534,9.533118744,9.62629106,9.719463377,9.812635694,9.90580801,9.998980327,10.08533516,10.17168999,10.30446396,10.43723793,10.5700119,10.70278587,10.83555984,10.96833382,11.10110779,11.23388176,11.36665573,11.4994297,11.63700714,11.77623054,11.91711958,12.0596942,12.20397456,12.34998107,12.49773438,12.49773438,12.49773438
SWE,,Sweden,9.553979874,9.707380295,10.01762962,10.20709038,10.35719967,10.52972031,10.71294912,10.89617793,11.07940674,11.26263555,11.44586436,11.62909317,11.81232198,11.99555079,12.1787796,12.25926018,12.33154011,12.40091991,12.07044983,12.13978958,12.20699024,12.27527046,12.34175968,12.23344994,12.29454041,12.35441017,12.41359997,12.48604965,12.54788494,12.60972023,12.60972023,12.60972023
TZA,SSA,Tanzania (United Republic of),3.329101206,3.419726739,3.510352272,3.600977805,3.691603337,3.78222887,3.871004902,3.959780935,4.048556967,4.137332999,4.226109031,4.261249544,4.296390057,4.411692047,4.526994038,4.642296028,4.757598019,4.872900009,4.988202,5.10350399,5.218805981,5.334107971,5.449409962,5.57265281,5.698682895,5.827563254,5.959358347,6.094134093,6.231957903,6.37289871,6.37289871,6.37289871
SEN,SSA,Senegal,1.997784188,1.972357844,1.946931499,1.921505155,1.896078811,1.870652467,1.83977762,1.808902774,1.778027927,1.747153081,1.716278234,1.649080039,1.581881843,1.514683648,1.447485452,1.380287257,1.540109992,1.709369993,1.878629994,2.047889996,2.217149997,2.386409998,2.584450006,2.782490015,2.794539988,2.806589961,2.818639934,2.830689907,2.883815558,2.937938258,2.937938258,2.937938258
GTM,LAC,Guatemala,3.192767468,3.268137717,3.343507965,3.418878214,3.494248462,3.569618711,3.638708105,3.707797499,3.776886894,3.845976288,3.915065683,3.881567794,3.848069906,3.799302459,3.750535011,3.701767564,3.653000116,3.844273448,4.03554678,4.226820111,4.418093443,4.609366775,4.800640106,4.896299839,5.83698988,5.805851936,5.774713993,5.74357605,5.712438107,5.681300163,5.681300163,5.681300163
MYS,EAP,Malaysia,6.145886365,6.339768845,6.533651324,6.727533804,6.921416283,7.115298763,7.228240013,7.525190115,7.822140217,8.119090319,8.416040421,8.251122379,8.086204338,7.921286297,7.756368256,7.591450214,8.084400058,8.577349901,9.070299745,9.563249588,9.6979599,9.809384982,9.920810064,10.03223515,10.14366023,10.25508531,10.36651039,10.45936012,10.55220985,10.64505959,10.64505959,10.64505959
COL,LAC,Colombia,6.340998417,6.39219122,6.443797317,6.495820045,6.54826277,6.600705494,6.653148218,6.705590942,6.758033666,6.81047639,6.862919114,6.915361838,6.967804562,7.020247286,7.07269001,7.284200191,6.803120136,7.188660145,7.321400166,7.247399807,7.393869877,7.518929958,7.625860214,7.833469868,7.992390156,8.047450066,8.221500397,8.362985134,8.504469872,8.643030167,8.862859726,8.862859726
MMR,EAP,Myanmar,2.726182996,2.789008612,2.851834228,2.914659845,2.977485461,3.040311077,3.127818186,3.215325294,3.302832403,3.390339511,3.47784662,3.57881636,3.679786101,3.780755842,3.881725582,3.982695323,4.103859011,4.2250227,4.346186389,4.467350077,4.588513766,4.833084915,5.077656065,5.322227214,5.566798364,5.811369513,5.95272715,6.094084787,6.235442423,6.37680006,6.37680006,6.37680006
IRL,,Ireland,7.011522967,7.243639946,7.483441174,7.723242402,7.96304363,8.202844858,8.442646086,8.682447314,8.922248542,9.16204977,9.401850998,9.641652226,9.881453454,10.12125468,10.36105591,10.60085714,10.84065837,11.08045959,11.24341647,11.40637334,11.56933022,10.99995995,11.07233159,11.14470323,11.21707487,11.28944651,11.36181815,11.4341898,11.50796839,11.58222303,11.58222303,11.58222303
ZAF,SSA,South Africa,6.514614789,6.861927072,7.209239355,7.556551638,7.903863921,8.251176204,8.052425244,7.853674285,7.654923325,7.456172365,7.257421406,7.458179951,8.52159977,8.75883007,8.823040009,8.899390221,8.950360298,9.075610161,9.215040207,9.600049973,9.669320107,9.693719864,9.93432045,10.04018545,10.14605045,10.23357964,10.18788004,10.14218044,10.7576704,11.37316036,11.37316036,11.37316036
DOM,LAC,Dominican Republic,5.26625239,5.397396418,5.528540447,5.659684475,5.790828503,5.921972532,6.03057618,6.139179829,6.247783477,6.356387126,6.464990774,6.542857541,6.620724308,6.698591075,6.776457842,6.854324609,7.012107268,7.169889927,7.193096638,7.216303349,7.239510059,7.330570221,7.429090023,7.516860008,7.650459766,7.718160152,9.044050217,8.936204255,9.106114462,9.306864107,9.306864107,9.306864107
EGY,AS,Egypt,5.305645579,5.468896212,5.632146845,5.795397478,5.958648111,6.121898744,6.333519936,6.341912937,6.350305939,6.35869894,6.367091942,6.375484943,6.383877945,6.392270947,6.400663948,6.40905695,6.417449951,6.656382647,6.895315344,7.13424804,7.373180736,7.612113432,7.851046129,8.089978825,8.328911521,8.567844217,8.806776914,9.04570961,9.305633501,9.573026174,9.573026174,9.573026174
DNK,,Denmark,11.47511219,11.49547958,11.51588313,11.53628667,11.55669022,11.64894009,11.81353259,11.9781251,12.1427176,12.3073101,12.47190261,12.63649511,12.80108762,12.96568012,12.91676044,12.82844702,12.7401336,12.65182018,12.88381004,12.4705801,12.42588997,12.46644974,12.70141029,12.74561024,12.38759041,12.63831997,13.16281986,13.011765,12.86071014,12.91060019,12.96049023,12.96049023
TUN,AS,Tunisia,3.466150007,3.607625518,3.749101028,3.890576539,4.032052049,4.17352756,4.329150621,4.484773683,4.640396745,4.796019806,4.951642868,5.123434559,5.29522625,5.467017942,5.638809633,5.810601324,5.978350858,6.146100392,6.313849926,6.481699944,6.649549961,6.823840141,6.741419792,6.855244875,6.969069958,7.082895041,7.196720123,7.274176324,7.352466164,7.431598614,7.431598614,7.431598614
CHE,,Switzerland,10.53357283,10.52323566,10.51289849,10.50256133,10.49222416,10.48188699,10.51289849,10.54390999,10.57492149,10.60593299,10.63694449,10.75065333,10.86436216,10.97807099,11.09177983,11.20548866,11.73888646,12.27228426,12.80568206,13.33907986,13.32365036,13.32542038,13.41355038,13.5268302,13.64011002,13.71187973,13.66668034,13.73318529,13.79969025,13.85966015,13.85966015,13.85966015
BRN,EAP,Brunei Darussalam,7.51,7.62,7.73,7.84,7.95,8.06,8.106,8.152,8.198,8.244,8.29,8.328,8.366,8.404,8.442,8.48,8.538,8.596,8.654,8.712,8.77,8.82,8.87,8.92,8.97,9.02,9.06,9.1,9.14,9.18,9.18,9.18
ITA,,Italy,7.439056506,7.569673685,7.700290864,7.830908042,7.961525221,8.0921424,8.224800472,8.357458544,8.490116616,8.622774688,8.75543276,8.841150284,8.94881773,9.056485176,9.164152622,9.271820068,9.389100075,9.531259537,9.650380135,9.732089996,9.82297039,9.897959709,10.02369976,10.12277985,10.22185993,10.3059597,10.39278984,10.47961998,10.56645012,10.65328026,10.7401104,10.7401104
KEN,SSA,Kenya,3.72,3.884,4.048,4.212,4.376,4.54,4.684,4.828,4.972,5.116,5.26,5.372,5.484,5.596,5.708,5.82,5.894,5.968,6.042,6.116,6.19,6.212,6.234,6.256,6.278,6.3,6.388,6.476,6.564,6.652,6.652,6.652
KAZ,ECA,Kazakhstan,7.394921251,7.619065448,7.843209645,8.067353842,8.291498039,8.515642236,8.737949185,8.960256134,9.182563084,9.404870033,9.66875124,9.932632446,10.19651365,10.46039486,10.72427607,10.98815727,11.25203848,11.51591969,11.26464462,11.01336956,11.14633624,11.27930291,11.41226959,11.54523627,11.67820295,11.81116962,11.9441363,12.07710298,12.21006966,12.34756189,12.34756189,12.34756189
BOL,LAC,Bolivia (Plurinational State of),5.993671061,6.101269806,6.210800171,6.322296831,6.433793492,6.545290152,6.656786813,6.768283473,6.879780134,6.991276794,7.102773454,7.214270115,7.152404118,7.09053812,7.028672123,6.966806126,6.904940128,7.052365065,7.199790001,7.481540203,7.712310155,7.943080107,8.17385006,8.425590197,8.677330335,8.929070473,9.162832737,9.396595001,9.630357265,9.86411953,9.827750206,9.827750206
NAM,SSA,Namibia,5.704538658,5.713290215,5.722055197,5.730820179,5.739585161,5.748350143,5.757115126,5.765880108,5.77464509,5.783410072,5.792175055,5.800940037,5.881194262,5.961448488,6.041702713,6.121956938,6.177517556,6.233078174,6.288638791,6.344199409,6.399760026,6.517054664,6.634349301,6.751643938,6.868938575,6.986233212,7.037678228,7.089123245,7.140568261,7.192013277,7.192013277,7.192013277
PRY,LAC,Paraguay,5.684462242,5.782122307,5.88146019,5.982504715,6.083549239,6.184593764,6.285638289,6.386682814,6.487727339,6.588771863,6.689816388,6.790860913,6.891905438,6.992949963,7.170140028,7.347330093,7.069910049,7.153329849,7.389259815,6.974229813,7.241386573,7.508543332,7.775700092,8.290029526,8.247850418,8.524069786,8.351449966,8.468514919,8.585579872,8.810709953,8.861840248,8.861840248
SYR,AS,Syrian Arab Republic,3.780265279,3.877390483,3.974515686,4.07164089,4.168766094,4.265891297,4.284935455,4.303979612,4.32302377,4.342067928,4.361112085,4.543935998,4.726759911,5.104187965,5.48161602,5.859044075,6.23647213,6.613900185,6.192810059,6.488399982,6.25,6.25,6.25,6.25,5.625,5.0625,5.0625,5.1,5.1,5.1,5.1,5.1
FIN,,Finland,9.184650421,9.40821809,9.63178576,9.855353429,10.0789211,10.30248877,10.52605644,10.74962411,10.97319177,11.19675944,11.42032711,11.64389478,11.86746245,12.09103012,12.13717985,12.18332958,12.23163033,12.27503967,12.32691956,12.37001038,12.41567993,12.45691967,12.4878397,12.54920959,12.59953022,12.63366985,12.68652487,12.73937988,12.80649996,12.87362003,12.87362003,12.87362003
MLT,,Malta,6.4654826,6.574985169,6.684487739,6.793990308,6.903492878,7.012995448,7.104784366,7.196573285,7.288362203,7.380151122,7.471940041,7.934534073,8.397128105,8.859722137,9.32231617,9.784910202,9.821985245,9.859060287,10.00864029,10.15822029,10.30780029,10.47278023,10.79741001,11.0275898,11.12584019,11.21442032,11.28810978,11.56434488,11.84057999,12.02542019,12.21026039,12.21026039
QAT,AS,Qatar,6.414351989,6.547884967,6.681417946,6.814950924,6.948483902,7.08201688,7.196473719,7.310930557,7.425387396,7.539844234,7.654301073,7.81644826,7.978595448,8.140742636,8.302889824,8.694486618,9.086083412,9.477680206,9.591139793,9.163060188,8.548800468,8.65089035,9.116559982,9.802619934,9.723939896,9.695640087,9.667340279,9.730019569,9.86211879,9.99601145,9.99601145,9.99601145
MAR,AS,Morocco,2.11,2.22,2.33,2.44,2.55,2.66,2.78,2.9,3.02,3.14,3.26,3.366,3.472,3.578,3.684,3.79,3.88,3.97,4.06,4.15,4.24,4.468,4.696,4.924,5.152,5.38,5.514,5.648,5.782,5.916,5.916,5.916
URY,LAC,Uruguay,7.151282631,7.189396058,7.227509486,7.265622914,7.303736342,7.341849769,7.466219902,7.67811421,7.890008518,8.101902825,8.313797133,8.525691441,8.737585749,8.949480057,8.631463369,8.313446681,7.995429993,8.183539867,8.371649742,8.372019768,8.327150345,8.404020309,8.478859901,8.523880005,8.613840103,8.669449806,8.70388031,8.831359863,8.906729698,8.982549667,8.982549667,8.982549667
HND,LAC,Honduras,3.867753515,3.947463658,4.027173801,4.106883943,4.186594086,4.266304229,4.333333212,4.400362196,4.46739118,4.534420163,4.601449147,4.668478131,4.735507114,4.802536098,4.869565082,4.936594065,4.945652036,4.954710007,5.111529946,5.268349886,5.425169826,5.581989765,5.518219948,5.847009897,6.175799847,6.294149876,6.528709888,6.408294916,6.287879944,7.088479996,7.088479996,7.088479996
CAF,SSA,Central African Republic,2.06,2.134,2.208,2.282,2.356,2.43,2.516,2.602,2.688,2.774,2.86,2.94,3.02,3.1,3.18,3.26,3.322,3.384,3.446,3.508,3.57,3.702,3.834,3.966,4.098,4.23,4.256,4.282,4.308,4.334,4.334,4.334
IND,SA,India,2.78157628,2.884945669,2.988315058,3.091684447,3.195053836,3.298423224,3.467573133,3.636723042,3.805872951,3.97502286,4.144172769,4.22122995,4.298287131,4.375344311,4.452401492,4.529458673,4.636586948,4.743715224,4.8508435,4.957971775,5.065100051,5.301909924,5.538719796,5.775529669,6.012339541,6.249149414,6.350639359,6.452129304,6.55361925,6.655109195,6.655109195,6.655109195
SLE,SSA,Sierra Leone,1.902686429,1.994208055,2.08572968,2.177251306,2.268772932,2.360294557,2.442182328,2.524070098,2.605957868,2.687845639,2.769733409,2.861255035,2.952776661,3.044298286,3.135819912,3.227341538,3.318863163,3.410384789,3.501906415,3.59342804,3.684949666,3.766837436,3.848725207,3.930612977,4.012500748,4.094388518,4.21481171,4.335234901,4.455658093,4.576081285,4.576081285,4.576081285
CIV,SSA,CÃ´te d'Ivoire,4.585823318,4.792634958,4.999446597,5.206258237,5.413069877,5.619881517,5.957074408,6.294267299,6.63146019,6.509348929,6.387237668,6.265126407,6.143015146,6.020903885,5.898792624,5.776681364,5.654570103,5.532458842,5.410347581,5.28823632,5.166125059,5.044013798,4.921902537,4.799791276,4.677680016,4.828323715,4.921027531,5.013731346,5.106435161,5.199138977,5.199138977,5.199138977
IRN,SA,Iran (Islamic Republic of),5.738566289,6.021415054,6.304263819,6.587112584,6.869961349,7.152810114,7.413901281,7.674992449,7.936083617,8.197174784,8.458265952,8.678561625,8.898857298,9.11915297,9.339448643,9.559744316,9.869790077,9.630650043,9.39151001,9.551324844,9.711139679,9.798224926,9.885310173,10.04448032,10.11600018,10.21497011,10.31394005,10.42034294,10.52784353,10.63645314,10.63645314,10.63645314
AFG,SA,Afghanistan,0.97112539,1.019355778,1.067586167,1.115816555,1.164046944,1.212277332,1.251383053,1.290488773,1.329594493,1.368700214,1.407805934,1.465160991,1.522516047,1.579871104,1.637226161,1.694581217,1.77670323,1.858825243,1.940947256,2.023069268,2.105191281,2.157332242,2.209473202,2.261614163,2.313755123,2.365896084,2.463660385,2.561424686,2.659188987,2.756953288,2.854717589,2.98506999
EST,,Estonia,9.655532811,9.900291752,10.14505069,10.38980963,10.63456858,10.87932752,11.13860606,11.3978846,11.65716314,11.91644168,12.17572021,12.34650517,12.51729012,12.68807507,12.85886002,13.02964497,13.20042992,13.21786022,13.25249004,13.32087994,13.33069038,13.3991003,13.44874001,13.53934956,13.44295025,13.48861027,13.51035023,13.55548,13.65631008,13.60237026,13.54843044,13.54843044
KGZ,ECA,Kyrgyzstan,9.171267886,9.286980145,9.402692403,9.518404662,9.63411692,9.749829178,9.884826813,10.01982445,10.15482208,10.28981972,10.34707279,10.40432587,10.46157894,10.51883202,10.57608509,10.63333817,10.69059124,10.74784431,10.80509739,10.86235046,11.03160799,11.09532847,11.15904895,11.22276943,11.2864899,11.35021038,11.35618418,11.36215797,11.36813177,11.37410556,11.37410556,11.37410556
AUT,,Austria,10.20033055,10.29016018,10.3807809,10.47140162,10.56202235,10.65264307,10.74326379,10.83388451,10.92450523,11.01512596,11.10574668,11.1963674,11.28698812,11.37760884,11.46822957,11.55885029,11.54505491,11.53125954,11.46809959,11.67436981,11.71487999,11.71115017,11.75162983,11.78754044,12.01449966,12.07699013,12.11466026,12.15911961,12.20790482,12.25669003,12.25669003,12.25669003
MRT,SSA,Mauritania,2.267245743,2.344515105,2.421784467,2.499053828,2.57632319,2.653592552,2.726795105,2.799997658,2.873200211,2.946402764,3.019605317,3.096874679,3.174144041,3.251413402,3.328682764,3.405952126,3.491355104,3.576758083,3.662161062,3.74756404,3.832967019,3.959038083,4.085109146,4.21118021,4.337251274,4.463322338,4.577192976,4.691063614,4.804934252,4.918804891,4.918804891,4.918804891
GAB,SSA,Gabon,4.32,4.5,4.68,4.86,5.04,5.22,5.406,5.592,5.778,5.964,6.15,6.304,6.458,6.612,6.766,6.92,7.05,7.18,7.31,7.44,7.57,7.852,8.134,8.416,8.698,8.98,9.094,9.208,9.322,9.436,9.436,9.436
CHL,LAC,Chile,8.387270623,8.466750993,8.546231363,8.625711733,8.705192103,8.784672473,8.857878077,8.931083681,9.004289285,9.077494889,9.150700493,9.288745346,9.426790199,9.564835053,9.702879906,9.736940066,9.771000226,9.805060387,10.1062603,9.97935009,9.85243988,9.544130325,9.776545048,10.00895977,10.13243484,10.25590992,10.42321491,10.59051991,10.76136507,10.9349663,10.9349663,10.9349663
PNG,EAP,Papua New Guinea,2.32,2.44,2.56,2.68,2.8,2.92,2.988,3.056,3.124,3.192,3.26,3.318,3.376,3.434,3.492,3.55,3.63,3.71,3.79,3.87,3.95,4.076,4.202,4.328,4.454,4.58,4.62,4.66,4.7,4.74,4.74,4.74
BWA,SSA,Botswana,5.52,5.758,5.996,6.234,6.472,6.71,6.89,7.07,7.25,7.43,7.61,7.744,7.878,8.012,8.146,8.28,8.398,8.516,8.634,8.752,8.87,9.1,9.33,9.56,9.79,10.02,10.1,10.18,10.26,10.34,10.34,10.34
IDN,EAP,Indonesia,3.219540119,3.492958248,3.766376376,4.039794505,4.313212633,4.586630762,4.86004889,5.133467019,5.406885147,5.680303276,5.953721404,6.227139533,6.500557661,6.77397579,7.047393918,7.320812047,7.594230175,7.022429943,7.069019794,7.309589863,7.41217494,7.514760017,7.608673414,7.70258681,7.796500206,7.914480209,7.976150036,8.069094896,8.162039757,8.359274864,8.556509972,8.556509972
TGO,SSA,Togo,2.784321136,2.884891932,2.985462729,3.086033526,3.186604323,3.28717512,3.370984117,3.454793115,3.538602112,3.622411109,3.706220107,3.752780661,3.799341215,3.845901769,3.892462323,3.939022877,3.957647099,3.976271321,3.994895542,4.013519764,3.828319907,3.64312005,3.859934754,4.076749457,4.29356416,4.510378863,4.636985989,4.763593115,4.890200241,5.016807367,5.016807367,5.016807367
TJK,ECA,Tajikistan,9.306605518,9.499155977,9.691706436,9.884256895,10.07680735,10.26935781,10.37633029,10.48330277,10.59027525,10.69724772,10.8042202,10.84050605,10.8767919,10.91307775,10.9493636,10.98564945,11.02193529,11.05822114,11.09450699,11.13079284,11.16707869,11.20336454,11.23965039,11.27593624,11.31222209,11.34850794,11.38479379,11.42107964,11.37723672,11.3333938,11.3333938,11.3333938
SAU,AS,Saudi Arabia,5.574122405,5.674557043,5.774991681,5.875426319,5.975860957,6.076295595,6.194808468,6.31332134,6.431834213,6.550347086,6.668859959,6.882584929,7.0963099,7.310034871,7.523759842,7.761379878,7.998999914,8.236619949,8.474239985,8.711860021,8.949480057,9.187100093,9.424720128,9.662340164,9.801830053,9.941319942,10.08080983,10.22029972,10.58370972,10.94711971,11.31052971,11.31052971
AUS,,Australia,11.22770758,11.249762,11.27181643,11.29387086,11.31592528,11.33797971,11.32795497,11.31793023,11.30790549,11.29788075,11.28785601,11.34399455,11.40013309,11.45627163,11.51241016,11.54751968,11.6446104,11.7118597,11.9376297,11.98707962,12.03444004,12.11583996,12.29574013,12.01885986,12.16699982,12.2456398,12.35210991,12.42234039,12.55362034,12.65668964,12.72681999,12.72681999
NIC,LAC,Nicaragua,4.09,4.184,4.278,4.372,4.466,4.56,4.664,4.768,4.872,4.976,5.08,5.156,5.232,5.308,5.384,5.46,5.568,5.676,5.784,5.892,6.0,6.136,6.272,6.408,6.544,6.68,6.796,6.912,7.028,7.144,7.144,7.144
RUS,,Russian Federation,9.652386365,9.840884146,10.02938193,10.21787971,10.40637749,10.59487527,10.88737183,11.17986838,11.47236494,11.7648615,12.05735805,12.118024,12.17868996,12.20806491,12.23743987,12.26681483,12.29618979,12.32556474,12.3549397,12.38431466,12.41368961,12.4209021,12.43921641,12.47550707,12.49168978,12.53258866,12.56402159,12.72337438,12.72389289,12.77428805,12.77428805,12.77428805
MNG,EAP,Mongolia,8.489093305,8.515587225,8.542081144,8.568575063,8.595068983,8.621562902,8.705460313,8.789357724,8.873255135,8.957152546,9.041049957,9.14112196,9.241193962,9.341265965,9.441337967,9.541409969,9.641481972,9.741553974,9.841625977,9.941697979,10.04176998,9.979963017,9.918156052,9.856349087,9.794542122,9.732735157,9.670928192,9.609121227,9.547314262,9.485507298,9.423700333,9.423700333
CHN,EAP,China,4.143789768,4.322265768,4.500741768,4.679217768,4.857693768,5.036169767,5.214645767,5.393121767,5.571597767,5.750073767,5.928549767,6.008342791,6.088135815,6.167928839,6.247721863,6.327514887,6.407307911,6.487100935,6.566893959,6.646686983,6.726480007,6.821168836,6.915857665,7.010546494,7.105235322,7.199924151,7.299972725,7.400021299,7.500069873,7.600118446,7.600118446,7.600118446
LUX,,Luxembourg,8.820647886,8.991640091,9.165947056,9.340254021,9.514560986,9.68886795,9.863174915,10.03748188,10.21178885,10.38609581,10.56040277,10.73470974,10.99867487,11.26264,11.35346246,11.44428492,11.53510737,11.62592983,12.21762991,12.80932999,12.83508015,12.85511971,13.00098991,13.20458984,13.42529011,12.45672989,12.84430344,12.65323261,12.82510172,13.01519217,13.01519217,13.01519217
JOR,AS,Jordan,5.005190277,5.283574193,5.56195811,5.840342026,6.118725942,6.397109859,6.589690513,6.782271168,6.974851822,7.167432477,7.360013131,7.506832046,7.653650961,7.800469875,8.145095825,8.489721775,8.834347725,9.178973675,9.523599625,9.56456995,9.605540276,9.698710203,9.791880131,9.885050058,9.978219986,10.07138991,10.16455984,10.25772977,10.3508997,10.39878988,10.44668007,10.44668007
LVA,,Latvia,9.157942743,9.480166654,9.802390565,10.12461448,10.44683839,10.7690623,10.909581,11.0500997,11.19061839,11.33113709,11.47165579,11.63640185,11.80114791,11.96589397,12.13064003,12.2501297,12.29691982,12.17078972,12.35105991,12.45602989,12.56455994,12.6059103,12.70405006,12.80914974,12.85737991,12.87024021,12.93480968,13.05903006,13.18325043,13.25271988,13.25271988,13.25271988
ZWE,SSA,Zimbabwe,5.021989402,5.167224575,5.316659927,5.470416927,5.624173927,5.777930927,5.931687927,6.085444927,6.239201927,6.392958927,6.546715927,6.700472927,6.854229927,6.955746937,7.057263947,7.158780956,7.260297966,7.361814976,7.463331985,7.564848995,7.666366005,7.767883015,7.869400024,7.990934849,8.112469673,8.228876432,8.34528319,8.461689949,8.585394977,8.710908501,8.710908501,8.710908501
MOZ,SSA,Mozambique,1.598693513,1.587136693,1.575579872,1.564023052,1.552466231,1.540909411,1.583284419,1.625659428,1.668034437,1.710409446,1.752784454,1.829829925,1.906875395,1.983920866,2.060966337,2.138011807,2.188091363,2.238170919,2.288250475,2.33833003,2.479079962,2.619829893,2.762074947,2.904320002,3.046565056,3.18881011,3.126510024,3.064209938,3.130214992,3.197641838,3.197641838,3.197641838
GMB,SSA,Gambia,1.467416885,1.525271461,1.585407019,1.64791349,1.71288435,1.78041676,1.850611711,1.923574178,1.999413273,2.078242411,2.160179477,2.245347004,2.333872358,2.425887925,2.521531309,2.620945543,2.724279296,2.831687099,2.943329577,3.059373686,3.179992966,3.305367797,3.435685674,3.571141481,3.723476614,3.875811747,4.02814688,4.180482013,4.332817146,4.485152279,4.637487411,4.637487411
CYP,,Cyprus,8.298367536,8.454519727,8.613610268,8.77569445,8.937778632,9.099862814,9.261946996,9.424031178,9.58611536,9.748199542,9.910283724,10.07236791,10.23445209,10.39653627,10.55862045,10.71990967,10.96681976,11.19272995,11.28384972,11.26194,11.44206047,11.57841015,11.80556011,11.87837982,11.88368034,11.86548042,12.08658028,12.18473005,12.28287983,12.36152506,12.44017029,12.44017029
NOR,,Norway,11.17730999,11.25230571,11.32730143,11.40229716,11.47729288,11.5522886,11.62728432,11.70228004,11.77727577,11.85227149,11.92726721,12.00226293,12.07725866,12.15225438,12.2272501,12.28176022,12.36614037,12.40898037,12.48221016,12.50294018,12.54957008,12.60601044,12.64209366,12.67817688,12.7142601,12.77120972,12.81906033,12.94715977,12.97539473,13.00362968,13.00362968,13.00362968
GBR,,United Kingdom,9.635440148,9.724416059,9.81339197,9.902367882,9.991343793,10.0803197,10.20401792,10.32771614,10.45141436,10.57511258,10.69881079,10.95271766,11.20662453,11.4605314,11.71443827,11.96834514,12.24829374,12.52824234,12.80819094,13.08813953,13.21277046,13.18756962,13.33852959,12.83395004,12.88897991,12.97976335,13.07054679,13.16133022,13.24292692,13.32452361,13.4061203,13.4061203
LTU,,Lithuania,9.163519754,9.336793582,9.51006741,9.683341238,9.856615066,10.02988889,10.21427002,10.39865114,10.58303227,10.76741339,10.95179452,11.13617564,11.32055677,11.50493789,11.68931902,11.87370014,12.01453018,12.15880966,12.2985096,12.32283974,12.45812035,12.57373047,12.56449986,12.58769035,12.8023901,12.95541,13.10509968,13.18838978,13.29162661,13.39486345,13.49810028,13.49810028
SLV,LAC,El Salvador,3.729339234,3.847328115,3.969049931,4.094622782,4.220195634,4.345768486,4.471341337,4.596914189,4.722487041,4.848059893,4.973632744,5.099205596,5.224778448,5.3503513,5.475924151,5.601497003,5.727069855,5.526669979,6.029550076,6.130139828,6.339930058,6.209420204,6.366330147,6.434329987,6.528739929,6.623149872,6.717559814,6.825099945,6.968569994,7.112040043,7.150929928,7.150929928
MWI,SSA,Malawi,2.277381717,2.325717982,2.374054247,2.422390512,2.470726777,2.519063042,2.582272004,2.645480966,2.708689928,2.77189889,2.835107852,2.898316814,2.961525776,3.024734738,3.0879437,3.151152662,3.318470502,3.485788343,3.653106183,3.820424023,3.987741864,4.013769084,4.039796303,4.065823523,4.091850742,4.117877962,4.210832318,4.303786674,4.396741029,4.489695385,4.489695385,4.489695385
HUN,,Hungary,9.479980469,9.549073133,9.618165796,9.68725846,9.756351124,9.825443788,9.894536452,9.963629116,10.03272178,10.10181444,10.17090711,10.23999977,10.3880899,10.53618002,10.68427014,10.83236027,11.07682776,11.32129526,11.56576276,11.81023026,11.88173008,11.92125034,11.83899975,12.00895977,11.77344036,11.84778976,11.88941002,11.97945499,12.06949997,12.15954494,12.24958992,12.24958992
POL,,Poland,9.670923882,9.85872977,10.04653566,10.23434155,10.42214743,10.60995332,10.73731594,10.86467855,10.99204116,11.11940378,11.24676639,11.35038343,11.45400047,11.57296705,11.69193363,11.81090021,11.92986679,12.04883337,12.16779995,12.34123993,12.31373024,12.55062008,12.78314018,12.77855015,12.83730984,12.92106485,13.00481987,13.04480243,13.08478498,13.12476754,13.1647501,13.1647501
BHR,AS,Bahrain,5.108272499,5.387740135,5.68249712,5.977254105,6.272011089,6.566768074,6.861525059,7.156282043,7.451039028,7.745796013,8.040552998,8.335309982,8.301632245,8.267954508,8.234276772,8.200599035,8.166921298,8.133243561,8.099565824,8.065888087,8.03221035,8.247186979,8.462163607,8.677140236,8.892116865,9.107093493,9.322070122,9.586489677,10.54808998,10.79733992,11.04658985,11.04658985
BGR,,Bulgaria,6.81489869,7.088468488,7.373020172,7.668994586,7.964968999,8.260943413,8.556917826,8.85289224,9.148866653,9.444841067,9.740815481,10.03678989,10.11271992,10.18864994,10.26457996,10.34050999,10.41644001,10.5424099,10.58646965,10.64169025,10.72171974,10.78184986,10.89634037,11.00629997,11.05152988,11.18832016,11.23243999,11.24269962,11.29952653,11.35635344,11.41318035,11.41318035
VEN,LAC,Venezuela (Bolivarian Republic of),5.338530064,5.474361926,5.610193789,5.746025652,5.881857514,6.017689377,6.15352124,6.289353102,6.425184965,6.561016828,6.696848691,6.832680553,6.968512416,7.104344279,7.240176141,7.376008004,7.511839867,7.989500046,8.13836956,8.253210068,8.687755108,9.122300148,9.251977682,9.381655216,9.51133275,9.641010284,10.31229973,10.57076027,10.8356987,11.10727736,11.10727736,11.10727736
HTI,LAC,Haiti,2.69,2.792,2.894,2.996,3.098,3.2,3.31,3.42,3.53,3.64,3.75,3.858,3.966,4.074,4.182,4.29,4.38,4.47,4.56,4.65,4.74,4.842,4.944,5.046,5.148,5.25,5.326,5.402,5.478,5.554,5.554,5.554
PER,LAC,Peru,7.781378166,7.838587107,7.896216649,7.954269886,8.012749932,8.071229978,8.129710024,8.18819007,8.246670116,8.305150162,8.363630208,8.422110254,8.4805903,8.539070346,8.597550392,7.924409866,7.928460121,8.18680954,8.187299728,8.217120171,8.865139961,8.887160301,9.082159996,9.136059761,9.151889801,9.094240189,9.314760208,9.535280228,9.755800247,9.885518863,9.885518863,9.885518863
LBY,AS,Libya,3.81,3.986,4.162,4.338,4.514,4.69,4.868,5.046,5.224,5.402,5.58,5.752,5.924,6.096,6.268,6.44,6.614,6.788,6.962,7.136,7.31,7.31,7.31,7.31,7.31,7.31,7.31,7.56,7.56,7.599985,7.599985,7.599985
ALB,ECA,Albania,7.354632085,7.352753507,7.350874929,7.348996351,7.347117774,7.345239196,7.627025866,7.908812536,8.190599206,8.472385876,8.754172545,8.823679924,8.888405664,8.953131403,9.017857143,9.082582882,9.147308622,9.212034362,9.276760101,9.451739947,9.626719793,9.801699638,10.02511024,10.19628076,10.37037387,10.54743948,10.72752833,10.91069206,11.09698316,11.28645502,11.28645502,11.28645502
PHL,EAP,Philippines,7.178850174,7.217683172,7.256516171,7.295349169,7.334182167,7.373015165,7.411848164,7.450681162,7.48951416,7.528347158,7.567180157,7.836127639,8.105075121,8.374022603,8.642970085,8.65989995,8.676829815,8.69375968,8.710689545,8.812839985,8.914990425,8.991986911,9.068983396,9.145979881,8.971109867,8.796239853,8.621369839,8.446499825,8.707799911,8.969099998,8.969099998,8.969099998
NPL,SA,Nepal,2.346687263,2.397803223,2.448919183,2.500035143,2.551151103,2.602267063,2.632471949,2.662676835,2.69288172,2.723086606,2.753291491,2.853199959,2.920027971,2.986855984,3.053683996,3.120512009,3.187340021,3.254168034,3.320996046,3.387824059,3.454652071,3.521480083,3.765092035,4.008703987,4.252315939,4.495927891,4.652394104,4.808860316,4.965326529,5.121792742,5.121792742,5.121792742
LAO,EAP,Lao People's Democratic Republic,3.09,3.186,3.282,3.378,3.474,3.57,3.636,3.702,3.768,3.834,3.9,3.966,4.032,4.098,4.164,4.23,4.298,4.366,4.434,4.502,4.57,4.662,4.754,4.846,4.938,5.03,5.116,5.202,5.288,5.374,5.374,5.374
FRA,,France,7.552529812,7.744341952,7.936154093,8.127966234,8.319778374,8.511590515,8.703402655,8.895214796,9.087026937,9.278839077,9.470651218,9.662463358,9.854275499,10.04608764,10.23789978,10.31739044,10.44354534,10.56970024,10.65437031,10.63230991,10.7787199,10.85153961,10.9350996,11.08078957,11.22550011,11.33419037,11.35085964,11.40970039,11.50988007,11.61005974,11.61005974,11.61005974
JPN,,Japan,11.6402998,11.68477979,11.72925978,11.77373977,11.81821976,11.86269975,11.90717974,11.95165973,11.99613972,12.04061971,12.0850997,12.12957969,12.17405968,12.21853967,12.26301966,12.30749965,12.35197964,12.39645963,12.44093962,12.48541961,12.5298996,12.70736401,12.88482841,13.06229282,13.23975723,13.28011392,13.30426394,13.33075812,13.34510708,13.36610034,13.36610034,13.36610034
GIN,SSA,Guinea,1.313318515,1.325962177,1.338727563,1.351615845,1.364628206,1.37776584,1.391029954,1.4046821,1.418334246,1.431986392,1.445638537,1.459290683,1.472942829,1.486594975,1.500247121,1.513899267,1.527551413,1.541203558,1.554855704,1.56850785,1.582159996,1.654532492,1.726904988,1.799277484,1.871649981,1.936037481,2.000424981,2.064812481,2.129199982,2.202125952,2.202125952,2.202125952
ZMB,SSA,Zambia,4.481160164,4.741603661,5.002047157,5.262490654,5.522934151,5.783377647,5.752737236,5.722096825,5.691456413,5.660816002,5.630175591,5.714436722,5.798697853,5.882958984,5.967220116,6.051481247,6.105101967,6.158722687,6.212343407,6.265964127,6.319584846,6.390440798,6.461296749,6.5321527,6.603008652,6.673864603,6.802171326,6.930478048,7.058784771,7.187091494,7.187091494,7.187091494
PAK,SA,Pakistan,2.291861259,2.390371085,2.488880911,2.587390737,2.685900563,2.784410389,2.88493062,2.98545085,3.085971081,3.186491312,3.287011542,3.536301714,3.785591886,4.034882058,4.28417223,4.533462403,4.521399975,4.410629988,4.299860001,4.46612978,4.594940186,4.721109867,4.818150043,4.958040237,5.162640095,5.162640095,5.162640095,5.115049839,4.825690031,4.536330223,4.536330223,4.536330223
NLD,,Netherlands,11.09854878,11.16080369,11.22305861,11.28531353,11.34756844,11.40982336,11.4849586,11.56009384,11.63522909,11.71036433,11.78549957,11.78549957,11.78549957,11.78549957,11.78549957,11.78781033,11.88865519,11.98950005,11.90822029,11.93865013,11.98348045,11.9578104,12.02159977,12.06632996,12.09368992,12.13512993,12.18412018,12.25356531,12.32301044,12.4523201,12.58162975,12.58162975
ARG,LAC,Argentina,8.126089428,8.192950249,8.260361195,8.327772141,8.395183086,8.462594032,8.530004978,8.597415924,8.66482687,8.732237816,8.799648762,8.867059708,9.391139984,9.915220261,10.00709343,10.0989666,10.19083977,10.29859972,10.40635967,10.54321003,10.59963989,10.69979,10.78507042,10.89459991,10.90851021,10.91755009,10.92819023,11.01644516,11.10470009,11.14726927,11.14726927,11.14726927
DEU,,Germany,10.3637846,10.5741328,10.78448099,10.99482919,11.20517738,11.41552557,11.61641992,11.81731426,12.0182086,12.21910294,12.41999728,12.76506286,13.11012844,13.45519401,13.80025959,13.70372963,13.60348034,13.68010998,13.75629044,13.82800961,13.85177994,13.93054962,13.97772026,14.00984955,14.03711987,14.08201981,14.1321497,14.10476494,14.07738018,14.09096691,14.09096691,14.09096691
BLZ,LAC,Belize,5.451236009,5.618259907,5.790401357,5.962542806,6.134684256,6.306825706,6.478967156,6.651108606,6.823250055,6.995391505,7.167532955,7.339674405,7.511815854,7.683957304,7.856098754,8.028240204,8.519836235,9.011432266,9.503028297,9.994624329,10.48622036,10.32235832,10.15849628,9.994634247,9.830772209,9.666910172,9.503048134,9.339186096,9.175324059,9.011462021,8.847599983,8.847599983
PRT,,Portugal,5.271293763,5.439489841,5.613052709,5.786615576,5.960178443,6.133741311,6.307304178,6.480867045,6.654429913,6.704740047,6.782649994,6.874939919,6.960040092,7.147799969,7.389319897,7.494040012,7.617310047,7.671520233,7.782169819,7.926529884,8.058150291,8.277119637,8.495369911,8.655139923,8.870940208,8.986729622,9.112580299,9.218230247,9.144709587,9.327420235,9.575940132,9.575940132
BDI,SSA,Burundi,1.460590005,1.514265001,1.567939997,1.621614993,1.675289989,1.728964984,1.78263998,1.836314976,1.889989972,1.943664968,1.997339964,2.05101496,2.104689956,2.158364952,2.212039948,2.265714943,2.319389939,2.373064935,2.426739931,2.359861612,2.292983294,2.226104975,2.159226656,2.092348337,2.025470018,2.285303354,2.54513669,2.804970026,2.962684561,3.129266883,3.129266883,3.129266883
MLI,SSA,Mali,0.72,0.752,0.784,0.816,0.848,0.88,0.906,0.932,0.958,0.984,1.01,1.04,1.07,1.1,1.13,1.16,1.228,1.296,1.364,1.432,1.5,1.574,1.648,1.722,1.796,1.87,1.98,2.09,2.2,2.31,2.31,2.31
VNM,EAP,Viet Nam,4.101410613,4.238818279,4.376225944,4.513633609,4.651041274,4.78844894,4.959167554,5.129886168,5.300604783,5.471323397,5.642042011,5.854399312,6.066756613,6.279113914,6.491471215,6.703828515,6.914103882,7.124379248,7.334654615,7.544929981,7.62746501,7.710000038,7.792535067,7.875070095,7.957605124,8.040140152,8.12267518,8.205210209,8.287745237,8.370280266,8.370280266,8.370280266
CAN,,Canada,10.74998669,10.92090034,11.09453135,11.26816235,11.44179335,11.61542435,11.78905535,11.96268635,12.13631735,12.30994835,12.48357935,12.65721035,12.78942223,12.9216341,13.05384598,13.18605785,13.31826973,13.36716785,13.41606598,13.4649641,13.51386223,13.56276035,13.59659233,13.63042431,13.66425629,13.69808826,13.73192024,13.76600456,13.80017348,13.83442722,13.83442722,13.83442722
CZE,,Czechia,9.10276631,9.287969589,9.476940982,9.665912374,9.854883766,10.04385516,10.23282655,10.42179794,10.61076934,10.79974073,10.98871212,11.17768351,11.3666549,11.5556263,11.74459769,11.93356908,12.12254047,12.14151001,12.19182014,12.29473972,12.38508034,12.46833038,12.5199604,12.59654045,12.63813972,12.67333984,12.73709011,12.78682041,12.8280654,12.86931038,12.86931038,12.86931038
UKR,ECA,Ukraine,9.276183691,9.458865645,9.6415476,9.824229554,10.00691151,10.18959346,10.31950063,10.4494078,10.57931497,10.70922213,10.8391293,10.93655968,11.03399005,11.13142043,11.2288508,11.32628118,11.36281757,11.39935396,11.43589035,11.47242674,11.50896313,11.43994995,11.37093677,11.30192359,11.2329104,11.16389722,11.15577802,11.14765882,11.13953963,11.13142043,11.13142043,11.13142043
ROU,,Romania,8.498106819,8.594471947,8.691929817,8.790492821,8.889055824,8.987618828,9.086181831,9.184744835,9.283307838,9.381870842,9.480433846,9.578996849,9.677559853,9.860065842,10.04257183,10.22507782,10.40758381,10.5900898,10.6749897,10.69618034,10.73447037,10.85896015,10.95590019,11.02073956,10.85933971,10.98408985,11.08049011,11.14865017,11.21188498,11.27511978,11.27511978,11.27511978
MEX,LAC,Mexico,5.953360081,6.024422073,6.095484066,6.166546059,6.237608051,6.308670044,6.379732037,6.450794029,6.521856022,6.592918015,6.663980007,6.819949985,6.975919962,7.131889939,7.287859917,7.48514986,7.871600151,7.882470131,7.948890209,8.136670113,8.005069733,8.247494698,8.489919662,8.357230186,8.403470039,8.601650238,8.599900246,8.742489815,8.933190346,9.077120304,9.221050262,9.221050262
COD,SSA,Congo (Democratic Republic of the),3.984181138,4.053481845,4.123987966,4.195720468,4.268700683,4.342950313,4.418491438,4.495346523,4.573538423,4.65309039,4.73402608,4.816369564,4.903110383,4.989851203,5.076592022,5.163332842,5.250073661,5.33681448,5.4235553,5.510296119,5.597036939,5.71830788,5.839578821,5.960849762,6.227059841,6.49326992,6.75948,6.889088258,7.018696516,7.018696516,7.018696516,7.018696516
COG,SSA,Congo,4.39,4.524,4.658,4.792,4.926,5.06,5.136,5.212,5.288,5.364,5.44,5.476,5.512,5.548,5.584,5.62,5.63,5.64,5.65,5.66,5.67,5.758,5.846,5.934,6.022,6.11,6.124,6.138,6.152,6.166,6.166,6.166
BEN,SSA,Benin,1.458545852,1.534742616,1.61492002,1.69928602,1.78365202,1.868018019,1.952384019,2.036750019,2.121116018,2.205482018,2.289848018,2.374214017,2.458580017,2.520362516,2.582145014,2.643927513,2.714795673,2.785663833,2.856531993,2.927400153,2.998268314,3.141821766,3.285375219,3.428928671,3.572482124,3.716035576,3.863223294,4.010411011,4.157598728,4.304786445,4.304786445,4.304786445
ARM,ECA,Armenia,9.781759786,9.851629499,9.921499211,9.991368924,10.06123864,10.13110835,10.20291889,10.27472943,10.34653996,10.4183505,10.49016104,10.48822021,10.55885315,10.62948608,10.70011902,10.77075195,10.84138489,10.91201782,10.98265076,11.05328369,11.12391663,11.19454956,11.28896475,11.38337994,11.47779512,11.57221031,11.37989998,11.18758965,11.23515987,11.2827301,11.33030033,11.33030033
ISL,,Iceland,8.700439292,8.79711084,8.893782387,8.990453935,9.087125483,9.18379703,9.290752785,9.39770854,9.504664295,9.61162005,9.718575805,9.83992945,9.961283095,10.08263674,10.20399038,10.32534403,10.43847031,10.55159659,10.66472287,10.77784915,10.89097543,11.34965107,11.80832671,12.26700235,12.72567799,13.18435363,13.32010517,13.4558567,13.59160824,13.72735977,13.76716995,13.76716995
SGP,EAP,Singapore,6.363349915,6.661061954,6.958773994,7.256486034,7.554198074,7.851910114,8.122598124,8.393286133,8.663974142,8.934662151,9.205350161,9.47603817,9.746726179,10.01741419,10.2881022,10.55879021,10.43768024,10.53822041,10.80021,10.81105995,11.18054008,11.24769974,11.25349998,11.37757015,11.44260979,11.57108974,11.58815956,11.5461998,11.74279022,11.85017014,11.92488003,11.92488003
BRA,LAC,Brazil,3.685384501,3.831340323,3.977296144,4.123251966,4.269207788,4.41516361,4.5866617,4.758159791,4.929657882,5.101155972,5.272654063,5.449625497,5.626596931,5.803568365,5.980539799,6.150349855,6.320159912,6.501580238,6.671150208,6.768959999,6.878170013,7.006090164,7.215769768,7.287489891,7.379069805,7.506820202,7.731040001,7.851759911,7.982019901,8.128813955,8.128813955,8.128813955
THA,EAP,Thailand,4.507717011,4.625411972,4.743106933,4.860801894,4.978496855,5.096191816,5.209178979,5.322166142,5.435153304,5.548140467,5.66112763,6.044813203,6.428498776,6.812184349,7.195869923,7.08158493,6.967299938,7.12835741,7.289414883,7.450472355,7.611529827,7.710706552,7.809883277,7.909060001,8.044580142,8.180100282,8.315620422,8.343885422,8.372150421,8.697119713,8.697119713,8.697119713
DZA,AS,Algeria,4.614607921,4.830320362,5.046032803,5.261745244,5.477457686,5.693170127,5.876116121,6.059062116,6.24200811,6.424954105,6.607900099,6.695277291,6.782654482,6.870031674,6.957408865,7.044786056,7.268690109,7.327584982,7.386479855,7.446088607,7.506178401,7.566753118,7.627816672,7.689373008,7.751426102,7.813979964,7.877038634,7.940606186,8.004686727,8.069284397,8.069284397,8.069284397
MDA,ECA,Moldova (Republic of),9.123799733,9.254623066,9.3854464,9.516269734,9.647093067,9.777916401,9.877161688,9.976406976,10.07565226,10.17489755,10.27414284,10.37789928,10.48165571,10.58541215,10.68916859,10.79292502,11.03878267,11.28464031,11.38162994,11.47673988,11.4894104,11.55617046,11.70310974,11.69207954,11.76074028,11.76515007,11.79195658,11.8187631,11.84556961,11.82159042,11.82159042,11.82159042
GHA,SSA,Ghana,5.506158276,5.67437085,5.842583425,6.010796,6.179008574,6.347221149,6.452634362,6.558047576,6.663460789,6.768874002,6.874287216,6.937086577,6.999885938,7.062685299,7.125484661,7.188284022,7.266783223,7.345282425,7.423781626,7.502280828,7.580780029,7.621151047,7.661522065,7.701893083,7.742264101,7.782635119,7.919448013,8.056260907,8.193073801,8.329886695,8.329886695,8.329886695
ESP,,Spain,5.879199312,6.070390224,6.267798644,6.465207063,6.662615483,6.860023902,7.057432321,7.254840741,7.45224916,7.64965758,7.847065999,8.044474418,8.241882838,8.439291257,8.636699677,8.923020363,9.02989006,9.121709824,9.187439919,9.251560211,9.363030434,9.484009743,9.510689735,9.615365028,9.720040321,9.912139893,10.01107979,10.07671499,10.1423502,10.37387514,10.60540009,10.60540009
GRC,,Greece,7.580366438,7.722380161,7.867054428,8.011728695,8.156402963,8.30107723,8.445751497,8.590425764,8.735100031,8.879774298,9.024448565,9.169122832,9.313797099,9.458471366,9.603145633,9.747819901,10.10496998,10.05718994,10.10492039,10.15659523,10.20827007,10.30519748,10.40212488,10.49905229,10.59597969,10.74370956,10.25430012,10.54285765,10.83141518,11.11997271,11.40853024,11.40853024
UGA,SSA,Uganda,3.175858623,3.2509799,3.327878085,3.40477627,3.481674454,3.558572639,3.635470824,3.712369008,3.789267193,3.866165378,3.943063563,4.019961747,4.096859932,4.272491614,4.448123296,4.623754978,4.79938666,4.975018342,5.150650024,5.521955013,5.893260002,5.50928998,5.125319958,5.252913828,5.380507698,5.508101567,5.563811567,5.619521567,5.675231566,5.730941566,5.730941566,5.730941566
NER,SSA,Niger,0.728083218,0.768180555,0.808277892,0.848375228,0.888472565,0.928569902,0.974998397,1.021426892,1.067855387,1.114283882,1.160712377,1.2029201,1.245127823,1.287335546,1.329543268,1.371750991,1.403406783,1.435062575,1.466718367,1.49837416,1.530029952,1.584899991,1.639770031,1.694640071,1.74951011,1.80438015,1.882464437,1.960548724,2.038633011,2.116717299,2.116717299,2.116717299
ISR,,Israel,9.903128995,9.969568845,10.0360087,10.10244855,10.1688884,10.23532825,10.30715511,10.37898197,10.45080884,10.5226357,10.59446257,10.63935436,10.68424615,10.72913794,10.77402973,11.27696466,11.7798996,12.38459969,12.42374992,12.46290016,12.4951601,12.5978899,12.68892002,12.80438042,12.91596985,12.9602499,13.05535211,13.15115217,13.24765522,13.3448664,13.3448664,13.3448664
USA,,United States,12.98377037,13.03085279,13.07793522,13.12501764,13.17210007,13.13735104,13.10260201,13.06785297,13.03310394,12.99835491,12.96360588,12.92885685,12.89410782,12.85935879,12.82460976,12.8275404,12.91221046,12.95109034,12.98997021,13.00603962,13.05183983,13.10287952,13.14148045,13.20003033,13.22457981,13.25187969,13.34290981,13.42226505,13.50162029,13.59252501,13.68342972,13.68342972
ECU,LAC,Ecuador,6.75150013,6.808366579,6.865233029,6.922099478,6.978965928,7.035832377,7.092698827,7.149565276,7.206431725,7.263298175,7.320164624,7.377031074,7.433897523,7.490763973,7.547630422,7.604496872,7.661363321,7.718229771,7.72631979,7.739970207,7.849160194,7.907040119,8.097470284,8.288680077,8.361359596,8.701580048,8.692919731,8.765919685,8.782986323,8.800052961,8.817119598,8.817119598
JAM,LAC,Jamaica,6.683423858,6.766069889,6.849737906,6.933405924,7.017073941,7.100741959,7.184409976,7.268077993,7.351746011,7.435414028,7.519082046,7.602750063,7.68641808,7.770086098,7.853754115,7.937422132,8.02109015,8.104758167,8.188426185,8.272094202,8.355762219,8.439430237,8.525680986,8.612813215,8.700835933,8.789758241,8.879589332,8.970338495,9.062015112,9.154628661,9.154628661,9.154628661
KWT,AS,Kuwait,5.641944529,5.678806599,5.715668668,5.752530738,5.789392807,5.826254877,5.904074801,5.981894726,6.05971465,6.137534575,6.215354499,6.194875572,6.174396644,6.153917717,6.133438789,6.112959862,6.135809898,6.217239857,6.426829815,6.637987375,6.849144936,7.060302496,7.271460056,6.68321991,6.877979994,7.072740078,7.132780075,7.192820072,7.216040134,7.328022618,7.328022618,7.328022618
CMR,SSA,Cameroon,3.029385616,3.14811658,3.266847544,3.385578507,3.504309471,3.623040434,3.743517442,3.863994449,3.984471456,4.104948463,4.225425471,4.335426216,4.445426962,4.555427708,4.665428453,4.775429199,4.860985335,4.94654147,5.032097606,5.117653741,5.203209877,5.348131494,5.493053112,5.637974729,5.782896347,5.927817964,5.983691359,6.039564753,6.095438148,6.151311543,6.151311543,6.15131
ARE,AS,United Arab Emirates,5.759906188,6.058643774,6.35738136,6.656118945,6.954856531,7.253594116,7.499131858,7.7446696,7.990207341,8.235745083,8.481282824,8.583590217,8.685897609,8.788205001,8.890512394,8.992819786,9.160983432,9.329147079,9.497310725,9.665474371,9.833638018,10.00180166,10.16996531,10.33812896,10.5062926,10.67445625,10.8426199,12.05539989,12.48400021,12.69402981,12.69402981,12.69402981
BGD,SA,Bangladesh,3.294752292,3.399163456,3.50357462,3.607985785,3.712396949,3.816808113,3.909618037,4.00242796,4.095237884,4.188047808,4.280857732,4.396870136,4.477070141,4.557270145,4.63747015,4.717670155,4.797870159,4.878070164,4.958270168,5.038470173,5.118670177,5.198870182,5.302340031,5.064770222,5.194399834,5.98582983,6.113890171,6.270249844,6.385879993,6.549980164,7.379059792,7.379059792
SVK,,Slovakia,6.867406247,7.164020061,7.473445082,7.782870102,8.092295122,8.401720142,8.711145163,9.020570183,9.329995203,9.639420223,9.948845243,10.25827026,10.48229122,10.70631218,10.93033314,11.1543541,11.37837505,11.60239601,11.82641697,12.05043793,12.27445889,12.49847984,12.37734985,12.44200039,12.4435997,12.63834,12.71166039,12.76618004,12.86622047,12.91141987,12.91141987,12.91141987
TUR,ECA,Turkey,4.455356985,4.510434245,4.565511506,4.620588767,4.675666028,4.730743288,4.874337575,5.017931862,5.161526149,5.305120436,5.448714723,5.551001064,5.653287406,5.755573747,5.857860088,5.973519802,6.061210155,6.14236021,6.396150112,6.570459843,7.09209013,7.358980179,7.487070084,7.63214016,7.795050144,7.958399773,8.099840164,8.268190384,8.450664997,8.63313961,8.63313961,8.63313961
NZL,,New Zealand,10.1395211,10.39962959,10.66641064,10.93319168,11.19997272,11.46675377,11.73353481,12.00031586,12.2670969,12.53387794,12.80065899,13.06744003,13.11823406,13.16902809,13.21982212,13.27061615,13.32141018,13.3354702,13.34953022,13.36359024,13.37765026,13.39171028,13.37806988,13.32773972,13.27740955,13.23099995,13.33483982,13.2373023,13.13976479,13.04222727,12.94468975,12.94468975
BEL,,Belgium,9.406848637,9.547434507,9.688020377,9.828606246,9.969192116,10.10977799,10.19661043,10.28344288,10.37027533,10.45710778,10.54394023,10.64110988,10.73827952,10.83544917,10.93261881,11.02978846,11.05253029,11.11720991,11.18188953,11.3167696,11.41578007,11.46986961,11.49960995,11.53950977,11.64029026,11.89404011,11.98532009,12.23692989,12.30630493,12.37567997,12.37567997,12.37567997
KOR,,Korea (Republic of),9.27328968,9.418097687,9.562905693,9.707713699,9.852521706,9.997329712,10.12222176,10.2471138,10.37200584,10.49689789,10.62178993,10.74614601,10.87050209,10.99485817,11.11921425,11.24357033,11.15105033,11.05853033,10.96601033,10.87349033,11.6382103,11.73383427,11.82945824,11.92508221,12.02070618,12.11633015,12.21428586,12.31303351,12.41257949,12.51293027,12.51293027,12.51293027
YEM,AS,Yemen,0.29,0.362,0.434,0.506,0.578,0.65,0.76,0.87,0.98,1.09,1.2,1.332,1.464,1.596,1.728,1.86,2.008,2.156,2.304,2.452,2.6,2.8,3.0,3.0,3.0,3.0,3.0,3.0,3.2,3.2,3.2,3.2
PAN,LAC,Panama,7.407239914,7.454354906,7.501469898,7.54858489,7.595699883,7.642814875,7.689929867,7.737044859,7.784159851,7.831274843,7.878389835,8.018189859,8.157989883,8.297789907,8.437589931,8.577389956,8.71718998,8.856990004,8.996790028,9.136590052,9.276390076,9.416856766,9.557323456,9.697790146,9.838256836,9.978723526,10.11919022,10.25965691,10.4001236,10.54059029,10.54059029,10.54059029
LKA,SA,Sri Lanka,8.174521818,8.355011902,8.535501986,8.71599207,8.896482153,9.076972237,9.286844428,9.496716618,9.706588809,9.916460999,10.12633319,10.16411018,10.15491445,10.14571871,10.13652297,10.12732724,10.1181315,10.10893576,10.09974003,10.19462967,10.23958833,10.28454699,10.32950565,10.37446431,10.41942297,10.46438163,10.50934029,10.57874966,10.64155006,10.63134003,10.82730007,10.82730007
KHM,EAP,Cambodia,2.69,2.742,2.794,2.846,2.898,2.95,3.004,3.058,3.112,3.166,3.22,3.28,3.34,3.4,3.46,3.52,3.636,3.752,3.868,3.984,4.1,4.2,4.3,4.4,4.5,4.6,4.722,4.844,4.966,5.088,5.088,5.088
IRQ,AS,Iraq,3.500112928,3.715166888,3.930220849,4.145274809,4.36032877,4.57538273,4.766297981,4.957213231,5.148128482,5.339043732,5.529958983,5.705513236,5.88106749,6.056621743,6.232175997,6.40773025,6.526229371,6.644728492,6.763227613,6.881726734,7.000225855,7.256973951,7.513722047,7.770470142,7.792958284,7.815446425,7.837934567,7.860422708,7.88291085,7.905593489,7.905593489,7.905593489
CRI,LAC,Costa Rica,6.246158944,6.207062733,6.489623811,6.7170524,6.73303985,6.962734944,6.941064556,7.114540012,7.321519931,7.30533652,7.142045964,7.332145083,7.485752501,7.633359768,7.666705062,7.825407987,7.836508898,8.012720108,8.288009644,8.359669685,8.230690002,8.351329803,8.412119865,8.581184864,8.750249863,8.584500313,8.564390182,8.643780231,8.72317028,8.763615131,8.804059982,8.804059982